﻿CondFiles_TRAINING,CondFiles_EXP,instructie,links,rechts,links_COR,rechts_COR
TRAIN_Negative0.csv,EXP_Negative0.csv,In het volgend deel van het experiment zal je een reeks boze en neutrale gezichten zien.,Druk op 'f' als je denkt dat een merendeel van de gezichten neutraal is,Druk op de 'j' als je denkt dat een merendeel van de gezichten boos is,face_expressions/training/01F_NE_C.png,face_expressions/training/01F_AN_c.png
TRAIN_Negative1.csv,EXP_Negative1.csv,In het volgend deel van het experiment zal je een reeks boze en neutrale gezichten zien. ,Druk op 'f' als je denkt dat een merendeel van de gezichten boos is,Druk op de 'j' als je denkt dat een merendeel van de gezichten neutraal is,face_expressions/training/01F_AN_c.png,face_expressions/training/01F_NE_C.png
TRAIN_Positive0.csv,EXP_Positive0.csv,In het volgend deel van het experiment zal je een reeks gelukkige en neutrale gezichten zien.,Druk op 'f' als je denkt dat een merendeel van de gezichten neutraal is,Druk op de 'j' als je denkt dat een merendeel van de gezichten gelukkig is,face_expressions/training/01F_NE_C.png,face_expressions/training/01F_HA_C.png
TRAIN_Positive1.csv,EXP_Positive1.csv,In het volgend deel van het experiment zal je een reeks gelukkige en neutrale gezichten zien. ,Druk op 'f' als je denkt dat een merendeel van de gezichten gelukkig is,Druk op de 'j' als je denkt dat een merendeel van de gezichten neutraal is,face_expressions/training/01F_HA_C.png,face_expressions/training/01F_NE_C.png
