IMG1,IMG2,IMG3,IMG4,IMG5,IMG6,IMG7,IMG8,X1,X2,X3,X4,X5,X6,X7,X8,Y1,Y2,Y3,Y4,Y5,Y6,Y7,Y8,StartExp,aff,Cond,difficulty,time,study,overbalance,CorResp,cue_left,cue_right
face_expressions/subset2/37M_AN_C.png,face_expressions/subset2/08F_NE_C.png,face_expressions/subset2/37M_NE_C.png,face_expressions/subset2/27M_NE_C.png,face_expressions/subset2/06F_NE_O.png,face_expressions/subset2/31M_NE_C.png,face_expressions/subset2/24M_NE_C.png,face_expressions/subset2/29M_NE_O.png,80.0,4.898587196589413e-15,56.568542494923804,-80.0,-1.4695761589768237e-14,-56.5685424949238,-56.56854249492382,56.56854249492379,0.0,80.0,56.568542494923804,9.797174393178826e-15,-80.0,56.568542494923804,-56.5685424949238,-56.56854249492382,TRUE,1,Negative,easy,0.75,training_study1,neutral,f,N,B
face_expressions/subset2/41M_AN_O.png,face_expressions/subset2/41M_NE_O.png,face_expressions/subset2/20M_NE_O.png,face_expressions/subset2/26M_NE_C.png,face_expressions/subset2/24M_NE_O.png,face_expressions/subset2/37M_NE_C.png,face_expressions/subset2/22M_NE_O.png,face_expressions/subset2/45M_NE_O.png,56.568542494923804,80.0,4.898587196589413e-15,-80.0,-56.56854249492382,-56.5685424949238,-1.4695761589768237e-14,56.56854249492379,56.568542494923804,0.0,80.0,9.797174393178826e-15,-56.5685424949238,56.568542494923804,-80.0,-56.56854249492382,TRUE,1,Negative,easy,0.75,training_study1,neutral,f,N,B
face_expressions/subset2/31M_AN_C.png,face_expressions/subset2/29M_NE_O.png,face_expressions/subset2/45M_NE_O.png,face_expressions/subset2/15F_NE_O.png,face_expressions/subset2/31M_NE_C.png,face_expressions/subset2/27M_NE_O.png,face_expressions/subset2/36M_NE_O.png,face_expressions/subset2/37M_NE_O.png,56.56854249492379,-56.56854249492382,-1.4695761589768237e-14,4.898587196589413e-15,56.568542494923804,-80.0,80.0,-56.5685424949238,-56.56854249492382,-56.5685424949238,-80.0,80.0,56.568542494923804,9.797174393178826e-15,0.0,56.568542494923804,TRUE,1,Negative,easy,0.75,training_study1,neutral,f,N,B
face_expressions/subset2/15F_AN_C.png,face_expressions/subset2/29M_NE_O.png,face_expressions/subset2/26M_NE_C.png,face_expressions/subset2/06F_NE_O.png,face_expressions/subset2/27M_NE_C.png,face_expressions/subset2/14F_NE_C.png,face_expressions/subset2/41M_NE_C.png,face_expressions/subset2/31M_NE_O.png,56.568542494923804,-1.4695761589768237e-14,4.898587196589413e-15,56.56854249492379,-56.56854249492382,-56.5685424949238,-80.0,80.0,56.568542494923804,-80.0,80.0,-56.56854249492382,-56.5685424949238,56.568542494923804,9.797174393178826e-15,0.0,TRUE,1,Negative,easy,0.75,training_study1,neutral,f,N,B
face_expressions/subset2/27M_AN_C.png,face_expressions/subset2/06F_NE_O.png,face_expressions/subset2/41M_NE_C.png,face_expressions/subset2/27M_NE_C.png,face_expressions/subset2/26M_NE_O.png,face_expressions/subset2/43M_NE_O.png,face_expressions/subset2/20M_NE_O.png,face_expressions/subset2/29M_NE_O.png,-80.0,56.56854249492379,-56.56854249492382,4.898587196589413e-15,-1.4695761589768237e-14,80.0,56.568542494923804,-56.5685424949238,9.797174393178826e-15,-56.56854249492382,-56.5685424949238,80.0,-80.0,0.0,56.568542494923804,56.568542494923804,TRUE,1,Negative,easy,0.75,training_study1,neutral,f,N,B
face_expressions/subset2/25M_AN_O.png,face_expressions/subset2/25M_NE_C.png,face_expressions/subset2/06F_NE_O.png,face_expressions/subset2/37M_NE_O.png,face_expressions/subset2/08F_NE_C.png,face_expressions/subset2/36M_NE_C.png,face_expressions/subset2/20M_NE_C.png,face_expressions/subset2/24M_NE_C.png,56.56854249492379,-56.5685424949238,4.898587196589413e-15,80.0,-80.0,-56.56854249492382,-1.4695761589768237e-14,56.568542494923804,-56.56854249492382,56.568542494923804,80.0,0.0,9.797174393178826e-15,-56.5685424949238,-80.0,56.568542494923804,TRUE,1,Negative,easy,0.75,training_study1,neutral,f,N,B
face_expressions/subset2/26M_AN_O.png,face_expressions/subset2/22M_NE_O.png,face_expressions/subset2/06F_NE_O.png,face_expressions/subset2/25M_NE_C.png,face_expressions/subset2/29M_NE_O.png,face_expressions/subset2/41M_NE_C.png,face_expressions/subset2/31M_NE_O.png,face_expressions/subset2/37M_NE_C.png,-56.56854249492382,-80.0,80.0,56.56854249492379,4.898587196589413e-15,56.568542494923804,-56.5685424949238,-1.4695761589768237e-14,-56.5685424949238,9.797174393178826e-15,0.0,-56.56854249492382,80.0,56.568542494923804,56.568542494923804,-80.0,TRUE,1,Negative,easy,0.75,training_study1,neutral,f,N,B
face_expressions/subset2/31M_AN_C.png,face_expressions/subset2/41M_NE_C.png,face_expressions/subset2/26M_NE_C.png,face_expressions/subset2/20M_NE_O.png,face_expressions/subset2/08F_NE_O.png,face_expressions/subset2/29M_NE_O.png,face_expressions/subset2/31M_NE_O.png,face_expressions/subset2/37M_NE_C.png,56.56854249492379,-1.4695761589768237e-14,56.568542494923804,80.0,-56.56854249492382,-56.5685424949238,-80.0,4.898587196589413e-15,-56.56854249492382,-80.0,56.568542494923804,0.0,-56.5685424949238,56.568542494923804,9.797174393178826e-15,80.0,TRUE,1,Negative,easy,0.75,training_study1,neutral,f,N,B
face_expressions/subset2/27M_AN_O.png,face_expressions/subset2/22M_NE_C.png,face_expressions/subset2/36M_NE_C.png,face_expressions/subset2/31M_NE_C.png,face_expressions/subset2/43M_NE_C.png,face_expressions/subset2/36M_NE_O.png,face_expressions/subset2/24M_NE_O.png,face_expressions/subset2/31M_NE_O.png,4.898587196589413e-15,56.568542494923804,-56.56854249492382,80.0,-1.4695761589768237e-14,-80.0,56.56854249492379,-56.5685424949238,80.0,56.568542494923804,-56.5685424949238,0.0,-80.0,9.797174393178826e-15,-56.56854249492382,56.568542494923804,TRUE,1,Negative,easy,0.75,training_study1,neutral,f,N,B
face_expressions/subset2/45M_AN_C.png,face_expressions/subset2/06F_NE_C.png,face_expressions/subset2/37M_NE_C.png,face_expressions/subset2/15F_NE_O.png,face_expressions/subset2/31M_NE_O.png,face_expressions/subset2/31M_NE_C.png,face_expressions/subset2/08F_NE_C.png,face_expressions/subset2/14F_NE_O.png,4.898587196589413e-15,80.0,-1.4695761589768237e-14,-80.0,-56.56854249492382,56.56854249492379,56.568542494923804,-56.5685424949238,80.0,0.0,-80.0,9.797174393178826e-15,-56.5685424949238,-56.56854249492382,56.568542494923804,56.568542494923804,TRUE,1,Negative,easy,0.75,training_study1,neutral,f,N,B
face_expressions/subset2/06F_AN_O.png,face_expressions/subset2/20M_NE_C.png,face_expressions/subset2/24M_NE_C.png,face_expressions/subset2/37M_NE_C.png,face_expressions/subset2/06F_NE_O.png,face_expressions/subset2/15F_NE_O.png,face_expressions/subset2/20M_NE_O.png,face_expressions/subset2/31M_NE_C.png,56.56854249492379,4.898587196589413e-15,-56.5685424949238,56.568542494923804,-56.56854249492382,-80.0,80.0,-1.4695761589768237e-14,-56.56854249492382,80.0,56.568542494923804,56.568542494923804,-56.5685424949238,9.797174393178826e-15,0.0,-80.0,TRUE,1,Negative,easy,0.75,training_study1,neutral,f,N,B
face_expressions/subset2/15F_AN_C.png,face_expressions/subset2/29M_NE_C.png,face_expressions/subset2/41M_NE_O.png,face_expressions/subset2/14F_NE_C.png,face_expressions/subset2/06F_NE_C.png,face_expressions/subset2/41M_NE_C.png,face_expressions/subset2/37M_NE_C.png,face_expressions/subset2/20M_NE_C.png,4.898587196589413e-15,80.0,-56.5685424949238,-56.56854249492382,-1.4695761589768237e-14,56.568542494923804,-80.0,56.56854249492379,80.0,0.0,56.568542494923804,-56.5685424949238,-80.0,56.568542494923804,9.797174393178826e-15,-56.56854249492382,TRUE,1,Negative,easy,0.75,training_study1,neutral,f,N,B
face_expressions/subset2/22M_AN_C.png,face_expressions/subset2/43M_AN_O.png,face_expressions/subset2/41M_AN_C.png,face_expressions/subset2/27M_NE_C.png,face_expressions/subset2/22M_NE_O.png,face_expressions/subset2/29M_NE_C.png,face_expressions/subset2/41M_NE_O.png,face_expressions/subset2/36M_NE_O.png,-1.4695761589768237e-14,56.568542494923804,-56.56854249492382,-80.0,56.56854249492379,80.0,-56.5685424949238,4.898587196589413e-15,-80.0,56.568542494923804,-56.5685424949238,9.797174393178826e-15,-56.56854249492382,0.0,56.568542494923804,80.0,TRUE,3,Negative,hard,0.75,training_study1,neutral,f,N,B
face_expressions/subset2/22M_AN_O.png,face_expressions/subset2/26M_AN_O.png,face_expressions/subset2/27M_AN_C.png,face_expressions/subset2/31M_NE_C.png,face_expressions/subset2/15F_NE_O.png,face_expressions/subset2/43M_NE_O.png,face_expressions/subset2/27M_NE_O.png,face_expressions/subset2/24M_NE_C.png,80.0,-80.0,-1.4695761589768237e-14,56.568542494923804,-56.56854249492382,4.898587196589413e-15,-56.5685424949238,56.56854249492379,0.0,9.797174393178826e-15,-80.0,56.568542494923804,-56.5685424949238,80.0,56.568542494923804,-56.56854249492382,TRUE,3,Negative,hard,0.75,training_study1,neutral,f,N,B
face_expressions/subset2/06F_AN_C.png,face_expressions/subset2/26M_AN_O.png,face_expressions/subset2/22M_AN_O.png,face_expressions/subset2/43M_NE_O.png,face_expressions/subset2/36M_NE_O.png,face_expressions/subset2/26M_NE_O.png,face_expressions/subset2/41M_NE_O.png,face_expressions/subset2/08F_NE_C.png,-56.56854249492382,80.0,-80.0,-56.5685424949238,-1.4695761589768237e-14,56.568542494923804,4.898587196589413e-15,56.56854249492379,-56.5685424949238,0.0,9.797174393178826e-15,56.568542494923804,-80.0,56.568542494923804,80.0,-56.56854249492382,TRUE,3,Negative,hard,0.75,training_study1,neutral,f,N,B
face_expressions/subset2/14F_AN_O.png,face_expressions/subset2/31M_AN_C.png,face_expressions/subset2/45M_AN_C.png,face_expressions/subset2/37M_NE_O.png,face_expressions/subset2/06F_NE_C.png,face_expressions/subset2/26M_NE_O.png,face_expressions/subset2/45M_NE_O.png,face_expressions/subset2/08F_NE_O.png,-80.0,4.898587196589413e-15,80.0,-1.4695761589768237e-14,-56.56854249492382,56.568542494923804,56.56854249492379,-56.5685424949238,9.797174393178826e-15,80.0,0.0,-80.0,-56.5685424949238,56.568542494923804,-56.56854249492382,56.568542494923804,TRUE,3,Negative,hard,0.75,training_study1,neutral,f,N,B
face_expressions/subset2/15F_AN_O.png,face_expressions/subset2/08F_AN_C.png,face_expressions/subset2/25M_AN_C.png,face_expressions/subset2/08F_NE_O.png,face_expressions/subset2/22M_NE_O.png,face_expressions/subset2/15F_NE_O.png,face_expressions/subset2/29M_NE_C.png,face_expressions/subset2/20M_NE_O.png,56.56854249492379,-56.56854249492382,-56.5685424949238,4.898587196589413e-15,80.0,56.568542494923804,-80.0,-1.4695761589768237e-14,-56.56854249492382,-56.5685424949238,56.568542494923804,80.0,0.0,56.568542494923804,9.797174393178826e-15,-80.0,TRUE,3,Negative,hard,0.75,training_study1,neutral,f,N,B
face_expressions/subset2/20M_AN_O.png,face_expressions/subset2/31M_AN_C.png,face_expressions/subset2/29M_AN_C.png,face_expressions/subset2/31M_NE_C.png,face_expressions/subset2/22M_NE_C.png,face_expressions/subset2/20M_NE_C.png,face_expressions/subset2/20M_NE_O.png,face_expressions/subset2/08F_NE_O.png,-56.5685424949238,-1.4695761589768237e-14,4.898587196589413e-15,-80.0,80.0,56.568542494923804,-56.56854249492382,56.56854249492379,56.568542494923804,-80.0,80.0,9.797174393178826e-15,0.0,56.568542494923804,-56.5685424949238,-56.56854249492382,TRUE,3,Negative,hard,0.75,training_study1,neutral,f,N,B
face_expressions/subset2/20M_AN_C.png,face_expressions/subset2/06F_AN_C.png,face_expressions/subset2/25M_AN_C.png,face_expressions/subset2/14F_NE_O.png,face_expressions/subset2/37M_NE_C.png,face_expressions/subset2/41M_NE_O.png,face_expressions/subset2/27M_NE_C.png,face_expressions/subset2/36M_NE_O.png,80.0,-1.4695761589768237e-14,-80.0,-56.56854249492382,56.568542494923804,56.56854249492379,4.898587196589413e-15,-56.5685424949238,0.0,-80.0,9.797174393178826e-15,-56.5685424949238,56.568542494923804,-56.56854249492382,80.0,56.568542494923804,TRUE,3,Negative,hard,0.75,training_study1,neutral,f,N,B
face_expressions/subset2/43M_AN_C.png,face_expressions/subset2/20M_AN_C.png,face_expressions/subset2/15F_AN_C.png,face_expressions/subset2/15F_NE_C.png,face_expressions/subset2/06F_NE_O.png,face_expressions/subset2/29M_NE_O.png,face_expressions/subset2/25M_NE_C.png,face_expressions/subset2/14F_NE_O.png,-56.5685424949238,56.568542494923804,80.0,56.56854249492379,4.898587196589413e-15,-56.56854249492382,-80.0,-1.4695761589768237e-14,56.568542494923804,56.568542494923804,0.0,-56.56854249492382,80.0,-56.5685424949238,9.797174393178826e-15,-80.0,TRUE,3,Negative,hard,0.75,training_study1,neutral,f,N,B
face_expressions/subset2/26M_AN_O.png,face_expressions/subset2/29M_AN_O.png,face_expressions/subset2/22M_AN_O.png,face_expressions/subset2/41M_NE_C.png,face_expressions/subset2/20M_NE_O.png,face_expressions/subset2/14F_NE_C.png,face_expressions/subset2/36M_NE_O.png,face_expressions/subset2/36M_NE_C.png,-56.5685424949238,-56.56854249492382,4.898587196589413e-15,-80.0,56.56854249492379,-1.4695761589768237e-14,80.0,56.568542494923804,56.568542494923804,-56.5685424949238,80.0,9.797174393178826e-15,-56.56854249492382,-80.0,0.0,56.568542494923804,TRUE,3,Negative,hard,0.75,training_study1,neutral,f,N,B
face_expressions/subset2/37M_AN_C.png,face_expressions/subset2/29M_AN_O.png,face_expressions/subset2/26M_AN_C.png,face_expressions/subset2/20M_NE_C.png,face_expressions/subset2/41M_NE_C.png,face_expressions/subset2/31M_NE_O.png,face_expressions/subset2/31M_NE_C.png,face_expressions/subset2/08F_NE_O.png,80.0,-80.0,56.568542494923804,56.56854249492379,4.898587196589413e-15,-56.56854249492382,-1.4695761589768237e-14,-56.5685424949238,0.0,9.797174393178826e-15,56.568542494923804,-56.56854249492382,80.0,-56.5685424949238,-80.0,56.568542494923804,TRUE,3,Negative,hard,0.75,training_study1,neutral,f,N,B
face_expressions/subset2/41M_AN_O.png,face_expressions/subset2/14F_AN_C.png,face_expressions/subset2/27M_AN_O.png,face_expressions/subset2/22M_NE_C.png,face_expressions/subset2/24M_NE_C.png,face_expressions/subset2/27M_NE_O.png,face_expressions/subset2/41M_NE_O.png,face_expressions/subset2/36M_NE_O.png,80.0,4.898587196589413e-15,-56.56854249492382,-56.5685424949238,-80.0,56.568542494923804,56.56854249492379,-1.4695761589768237e-14,0.0,80.0,-56.5685424949238,56.568542494923804,9.797174393178826e-15,56.568542494923804,-56.56854249492382,-80.0,TRUE,3,Negative,hard,0.75,training_study1,neutral,f,N,B
face_expressions/subset2/08F_AN_O.png,face_expressions/subset2/26M_AN_O.png,face_expressions/subset2/20M_AN_C.png,face_expressions/subset2/08F_NE_O.png,face_expressions/subset2/15F_NE_C.png,face_expressions/subset2/37M_NE_C.png,face_expressions/subset2/24M_NE_C.png,face_expressions/subset2/43M_NE_O.png,-1.4695761589768237e-14,-56.5685424949238,-80.0,56.568542494923804,56.56854249492379,4.898587196589413e-15,80.0,-56.56854249492382,-80.0,56.568542494923804,9.797174393178826e-15,56.568542494923804,-56.56854249492382,80.0,0.0,-56.5685424949238,TRUE,3,Negative,hard,0.75,training_study1,neutral,f,N,B
face_expressions/subset2/41M_AN_C.png,face_expressions/subset2/25M_AN_C.png,face_expressions/subset2/41M_AN_O.png,face_expressions/subset2/31M_AN_O.png,face_expressions/subset2/20M_NE_O.png,face_expressions/subset2/27M_NE_O.png,face_expressions/subset2/06F_NE_O.png,face_expressions/subset2/22M_NE_C.png,4.898587196589413e-15,56.568542494923804,56.56854249492379,-1.4695761589768237e-14,-56.56854249492382,-80.0,80.0,-56.5685424949238,80.0,56.568542494923804,-56.56854249492382,-80.0,-56.5685424949238,9.797174393178826e-15,0.0,56.568542494923804,TRUE,4,Negative,even,0.75,training_study1,even,f,N,B
face_expressions/subset2/24M_AN_C.png,face_expressions/subset2/25M_AN_C.png,face_expressions/subset2/29M_AN_C.png,face_expressions/subset2/20M_AN_O.png,face_expressions/subset2/31M_NE_C.png,face_expressions/subset2/22M_NE_C.png,face_expressions/subset2/15F_NE_C.png,face_expressions/subset2/41M_NE_C.png,80.0,-56.5685424949238,56.56854249492379,56.568542494923804,-80.0,-1.4695761589768237e-14,-56.56854249492382,4.898587196589413e-15,0.0,56.568542494923804,-56.56854249492382,56.568542494923804,9.797174393178826e-15,-80.0,-56.5685424949238,80.0,TRUE,4,Negative,even,0.75,training_study1,even,j,N,B
face_expressions/subset2/45M_AN_O.png,face_expressions/subset2/31M_AN_C.png,face_expressions/subset2/22M_AN_C.png,face_expressions/subset2/20M_AN_C.png,face_expressions/subset2/06F_NE_C.png,face_expressions/subset2/31M_NE_O.png,face_expressions/subset2/41M_NE_O.png,face_expressions/subset2/45M_NE_O.png,-80.0,56.568542494923804,56.56854249492379,-1.4695761589768237e-14,4.898587196589413e-15,-56.5685424949238,80.0,-56.56854249492382,9.797174393178826e-15,56.568542494923804,-56.56854249492382,-80.0,80.0,56.568542494923804,0.0,-56.5685424949238,TRUE,4,Negative,even,0.75,training_study1,even,j,N,B
face_expressions/subset2/36M_AN_C.png,face_expressions/subset2/15F_AN_O.png,face_expressions/subset2/31M_AN_C.png,face_expressions/subset2/37M_AN_O.png,face_expressions/subset2/27M_NE_C.png,face_expressions/subset2/36M_NE_O.png,face_expressions/subset2/15F_NE_C.png,face_expressions/subset2/26M_NE_O.png,-56.5685424949238,56.568542494923804,80.0,-1.4695761589768237e-14,-56.56854249492382,-80.0,56.56854249492379,4.898587196589413e-15,56.568542494923804,56.568542494923804,0.0,-80.0,-56.5685424949238,9.797174393178826e-15,-56.56854249492382,80.0,TRUE,4,Negative,even,0.75,training_study1,even,f,N,B
face_expressions/subset2/26M_AN_O.png,face_expressions/subset2/29M_AN_O.png,face_expressions/subset2/22M_AN_C.png,face_expressions/subset2/36M_AN_C.png,face_expressions/subset2/14F_NE_C.png,face_expressions/subset2/37M_NE_O.png,face_expressions/subset2/27M_NE_C.png,face_expressions/subset2/27M_NE_O.png,-56.5685424949238,80.0,-80.0,4.898587196589413e-15,-56.56854249492382,56.568542494923804,56.56854249492379,-1.4695761589768237e-14,56.568542494923804,0.0,9.797174393178826e-15,80.0,-56.5685424949238,56.568542494923804,-56.56854249492382,-80.0,TRUE,4,Negative,even,0.75,training_study1,even,j,N,B
face_expressions/subset2/31M_AN_C.png,face_expressions/subset2/15F_AN_C.png,face_expressions/subset2/37M_AN_O.png,face_expressions/subset2/25M_AN_C.png,face_expressions/subset2/24M_NE_O.png,face_expressions/subset2/37M_NE_O.png,face_expressions/subset2/06F_NE_O.png,face_expressions/subset2/08F_NE_O.png,56.56854249492379,-1.4695761589768237e-14,-56.56854249492382,4.898587196589413e-15,-56.5685424949238,-80.0,56.568542494923804,80.0,-56.56854249492382,-80.0,-56.5685424949238,80.0,56.568542494923804,9.797174393178826e-15,56.568542494923804,0.0,TRUE,4,Negative,even,0.75,training_study1,even,f,N,B
face_expressions/subset2/31M_AN_C.png,face_expressions/subset2/14F_AN_O.png,face_expressions/subset2/25M_AN_O.png,face_expressions/subset2/15F_AN_C.png,face_expressions/subset2/06F_NE_O.png,face_expressions/subset2/15F_NE_C.png,face_expressions/subset2/27M_NE_O.png,face_expressions/subset2/25M_NE_C.png,56.56854249492379,80.0,4.898587196589413e-15,56.568542494923804,-56.56854249492382,-1.4695761589768237e-14,-80.0,-56.5685424949238,-56.56854249492382,0.0,80.0,56.568542494923804,-56.5685424949238,-80.0,9.797174393178826e-15,56.568542494923804,TRUE,4,Negative,even,0.75,training_study1,even,f,N,B
face_expressions/subset2/26M_AN_O.png,face_expressions/subset2/20M_AN_O.png,face_expressions/subset2/36M_AN_C.png,face_expressions/subset2/22M_AN_O.png,face_expressions/subset2/36M_NE_O.png,face_expressions/subset2/22M_NE_O.png,face_expressions/subset2/15F_NE_O.png,face_expressions/subset2/14F_NE_C.png,-56.56854249492382,56.568542494923804,80.0,56.56854249492379,-56.5685424949238,4.898587196589413e-15,-80.0,-1.4695761589768237e-14,-56.5685424949238,56.568542494923804,0.0,-56.56854249492382,56.568542494923804,80.0,9.797174393178826e-15,-80.0,TRUE,4,Negative,even,0.75,training_study1,even,j,N,B
face_expressions/subset2/27M_AN_C.png,face_expressions/subset2/45M_AN_O.png,face_expressions/subset2/43M_AN_C.png,face_expressions/subset2/41M_AN_O.png,face_expressions/subset2/29M_NE_C.png,face_expressions/subset2/08F_NE_C.png,face_expressions/subset2/26M_NE_C.png,face_expressions/subset2/43M_NE_O.png,56.568542494923804,80.0,-56.5685424949238,-1.4695761589768237e-14,-56.56854249492382,4.898587196589413e-15,-80.0,56.56854249492379,56.568542494923804,0.0,56.568542494923804,-80.0,-56.5685424949238,80.0,9.797174393178826e-15,-56.56854249492382,TRUE,4,Negative,even,0.75,training_study1,even,j,N,B
face_expressions/subset2/06F_AN_C.png,face_expressions/subset2/15F_AN_C.png,face_expressions/subset2/43M_AN_O.png,face_expressions/subset2/24M_AN_C.png,face_expressions/subset2/15F_NE_C.png,face_expressions/subset2/20M_NE_O.png,face_expressions/subset2/14F_NE_O.png,face_expressions/subset2/24M_NE_O.png,80.0,56.56854249492379,4.898587196589413e-15,-56.5685424949238,56.568542494923804,-1.4695761589768237e-14,-80.0,-56.56854249492382,0.0,-56.56854249492382,80.0,56.568542494923804,56.568542494923804,-80.0,9.797174393178826e-15,-56.5685424949238,TRUE,4,Negative,even,0.75,training_study1,even,f,N,B
face_expressions/subset2/14F_AN_C.png,face_expressions/subset2/14F_AN_O.png,face_expressions/subset2/31M_AN_O.png,face_expressions/subset2/37M_AN_O.png,face_expressions/subset2/26M_NE_O.png,face_expressions/subset2/24M_NE_C.png,face_expressions/subset2/29M_NE_C.png,face_expressions/subset2/24M_NE_O.png,56.568542494923804,-80.0,-56.56854249492382,4.898587196589413e-15,-56.5685424949238,56.56854249492379,80.0,-1.4695761589768237e-14,56.568542494923804,9.797174393178826e-15,-56.5685424949238,80.0,56.568542494923804,-56.56854249492382,0.0,-80.0,TRUE,4,Negative,even,0.75,training_study1,even,f,N,B
face_expressions/subset2/24M_AN_O.png,face_expressions/subset2/24M_AN_C.png,face_expressions/subset2/45M_AN_C.png,face_expressions/subset2/25M_AN_C.png,face_expressions/subset2/45M_NE_O.png,face_expressions/subset2/43M_NE_O.png,face_expressions/subset2/06F_NE_C.png,face_expressions/subset2/26M_NE_C.png,-56.56854249492382,4.898587196589413e-15,-56.5685424949238,80.0,56.56854249492379,56.568542494923804,-1.4695761589768237e-14,-80.0,-56.5685424949238,80.0,56.568542494923804,0.0,-56.56854249492382,56.568542494923804,-80.0,9.797174393178826e-15,TRUE,4,Negative,even,0.75,training_study1,even,j,N,B
face_expressions/subset2/27M_AN_C.png,face_expressions/subset2/26M_AN_C.png,face_expressions/subset2/25M_AN_O.png,face_expressions/subset2/41M_AN_O.png,face_expressions/subset2/08F_AN_O.png,face_expressions/subset2/31M_NE_C.png,face_expressions/subset2/14F_NE_O.png,face_expressions/subset2/36M_NE_O.png,56.568542494923804,4.898587196589413e-15,-1.4695761589768237e-14,-56.56854249492382,-80.0,56.56854249492379,-56.5685424949238,80.0,56.568542494923804,80.0,-80.0,-56.5685424949238,9.797174393178826e-15,-56.56854249492382,56.568542494923804,0.0,TRUE,5,Negative,hard,0.75,training_study1,affective,j,N,B
face_expressions/subset2/36M_AN_O.png,face_expressions/subset2/14F_AN_O.png,face_expressions/subset2/20M_AN_C.png,face_expressions/subset2/29M_AN_O.png,face_expressions/subset2/26M_AN_C.png,face_expressions/subset2/20M_NE_C.png,face_expressions/subset2/26M_NE_O.png,face_expressions/subset2/06F_NE_O.png,56.56854249492379,-1.4695761589768237e-14,4.898587196589413e-15,56.568542494923804,-80.0,-56.5685424949238,-56.56854249492382,80.0,-56.56854249492382,-80.0,80.0,56.568542494923804,9.797174393178826e-15,56.568542494923804,-56.5685424949238,0.0,TRUE,5,Negative,hard,0.75,training_study1,affective,j,N,B
face_expressions/subset2/20M_AN_O.png,face_expressions/subset2/24M_AN_O.png,face_expressions/subset2/14F_AN_C.png,face_expressions/subset2/43M_AN_O.png,face_expressions/subset2/45M_AN_C.png,face_expressions/subset2/36M_NE_C.png,face_expressions/subset2/20M_NE_O.png,face_expressions/subset2/26M_NE_C.png,80.0,-56.56854249492382,-56.5685424949238,56.56854249492379,4.898587196589413e-15,-80.0,-1.4695761589768237e-14,56.568542494923804,0.0,-56.5685424949238,56.568542494923804,-56.56854249492382,80.0,9.797174393178826e-15,-80.0,56.568542494923804,TRUE,5,Negative,hard,0.75,training_study1,affective,j,N,B
face_expressions/subset2/27M_AN_O.png,face_expressions/subset2/08F_AN_O.png,face_expressions/subset2/41M_AN_C.png,face_expressions/subset2/26M_AN_O.png,face_expressions/subset2/43M_AN_O.png,face_expressions/subset2/36M_NE_C.png,face_expressions/subset2/29M_NE_O.png,face_expressions/subset2/06F_NE_C.png,80.0,4.898587196589413e-15,-80.0,-56.56854249492382,-1.4695761589768237e-14,56.568542494923804,56.56854249492379,-56.5685424949238,0.0,80.0,9.797174393178826e-15,-56.5685424949238,-80.0,56.568542494923804,-56.56854249492382,56.568542494923804,TRUE,5,Negative,hard,0.75,training_study1,affective,j,N,B
face_expressions/subset2/45M_AN_O.png,face_expressions/subset2/20M_AN_O.png,face_expressions/subset2/06F_AN_O.png,face_expressions/subset2/26M_AN_C.png,face_expressions/subset2/24M_AN_C.png,face_expressions/subset2/45M_NE_O.png,face_expressions/subset2/08F_NE_C.png,face_expressions/subset2/06F_NE_C.png,56.568542494923804,-56.5685424949238,4.898587196589413e-15,-1.4695761589768237e-14,-56.56854249492382,80.0,56.56854249492379,-80.0,56.568542494923804,56.568542494923804,80.0,-80.0,-56.5685424949238,0.0,-56.56854249492382,9.797174393178826e-15,TRUE,5,Negative,hard,0.75,training_study1,affective,j,N,B
face_expressions/subset2/15F_AN_O.png,face_expressions/subset2/20M_AN_O.png,face_expressions/subset2/36M_AN_C.png,face_expressions/subset2/27M_AN_O.png,face_expressions/subset2/08F_AN_O.png,face_expressions/subset2/37M_NE_C.png,face_expressions/subset2/20M_NE_C.png,face_expressions/subset2/24M_NE_C.png,-1.4695761589768237e-14,56.568542494923804,-80.0,4.898587196589413e-15,56.56854249492379,-56.5685424949238,80.0,-56.56854249492382,-80.0,56.568542494923804,9.797174393178826e-15,80.0,-56.56854249492382,56.568542494923804,0.0,-56.5685424949238,TRUE,5,Negative,hard,0.75,training_study1,affective,j,N,B
face_expressions/subset2/06F_AN_C.png,face_expressions/subset2/29M_AN_O.png,face_expressions/subset2/31M_AN_O.png,face_expressions/subset2/43M_AN_C.png,face_expressions/subset2/20M_AN_C.png,face_expressions/subset2/24M_NE_C.png,face_expressions/subset2/43M_NE_C.png,face_expressions/subset2/27M_NE_O.png,-1.4695761589768237e-14,-80.0,56.568542494923804,-56.56854249492382,56.56854249492379,80.0,-56.5685424949238,4.898587196589413e-15,-80.0,9.797174393178826e-15,56.568542494923804,-56.5685424949238,-56.56854249492382,0.0,56.568542494923804,80.0,TRUE,5,Negative,hard,0.75,training_study1,affective,j,N,B
face_expressions/subset2/29M_AN_O.png,face_expressions/subset2/22M_AN_C.png,face_expressions/subset2/31M_AN_O.png,face_expressions/subset2/43M_AN_C.png,face_expressions/subset2/31M_AN_C.png,face_expressions/subset2/45M_NE_O.png,face_expressions/subset2/29M_NE_C.png,face_expressions/subset2/22M_NE_C.png,80.0,-80.0,-56.5685424949238,4.898587196589413e-15,-1.4695761589768237e-14,56.56854249492379,-56.56854249492382,56.568542494923804,0.0,9.797174393178826e-15,56.568542494923804,80.0,-80.0,-56.56854249492382,-56.5685424949238,56.568542494923804,TRUE,5,Negative,hard,0.75,training_study1,affective,j,N,B
face_expressions/subset2/27M_AN_C.png,face_expressions/subset2/24M_AN_C.png,face_expressions/subset2/31M_AN_C.png,face_expressions/subset2/26M_AN_C.png,face_expressions/subset2/29M_AN_O.png,face_expressions/subset2/37M_NE_C.png,face_expressions/subset2/24M_NE_O.png,face_expressions/subset2/14F_NE_C.png,-56.5685424949238,56.568542494923804,56.56854249492379,80.0,-80.0,4.898587196589413e-15,-56.56854249492382,-1.4695761589768237e-14,56.568542494923804,56.568542494923804,-56.56854249492382,0.0,9.797174393178826e-15,80.0,-56.5685424949238,-80.0,TRUE,5,Negative,hard,0.75,training_study1,affective,j,N,B
face_expressions/subset2/20M_AN_C.png,face_expressions/subset2/24M_AN_C.png,face_expressions/subset2/06F_AN_C.png,face_expressions/subset2/45M_AN_C.png,face_expressions/subset2/36M_AN_O.png,face_expressions/subset2/24M_NE_C.png,face_expressions/subset2/20M_NE_C.png,face_expressions/subset2/15F_NE_O.png,-56.5685424949238,-56.56854249492382,80.0,-80.0,4.898587196589413e-15,-1.4695761589768237e-14,56.56854249492379,56.568542494923804,56.568542494923804,-56.5685424949238,0.0,9.797174393178826e-15,80.0,-80.0,-56.56854249492382,56.568542494923804,TRUE,5,Negative,hard,0.75,training_study1,affective,j,N,B
face_expressions/subset2/15F_AN_C.png,face_expressions/subset2/36M_AN_O.png,face_expressions/subset2/08F_AN_O.png,face_expressions/subset2/20M_AN_C.png,face_expressions/subset2/45M_AN_C.png,face_expressions/subset2/24M_NE_C.png,face_expressions/subset2/37M_NE_C.png,face_expressions/subset2/31M_NE_O.png,-80.0,80.0,56.568542494923804,-56.5685424949238,-1.4695761589768237e-14,56.56854249492379,4.898587196589413e-15,-56.56854249492382,9.797174393178826e-15,0.0,56.568542494923804,56.568542494923804,-80.0,-56.56854249492382,80.0,-56.5685424949238,TRUE,5,Negative,hard,0.75,training_study1,affective,j,N,B
face_expressions/subset2/24M_AN_C.png,face_expressions/subset2/27M_AN_O.png,face_expressions/subset2/22M_AN_C.png,face_expressions/subset2/37M_AN_C.png,face_expressions/subset2/24M_AN_O.png,face_expressions/subset2/27M_NE_C.png,face_expressions/subset2/22M_NE_O.png,face_expressions/subset2/22M_NE_C.png,4.898587196589413e-15,-56.56854249492382,80.0,-56.5685424949238,56.56854249492379,-1.4695761589768237e-14,56.568542494923804,-80.0,80.0,-56.5685424949238,0.0,56.568542494923804,-56.56854249492382,-80.0,56.568542494923804,9.797174393178826e-15,TRUE,5,Negative,hard,0.75,training_study1,affective,j,N,B
face_expressions/subset2/25M_AN_O.png,face_expressions/subset2/41M_AN_O.png,face_expressions/subset2/24M_AN_O.png,face_expressions/subset2/26M_AN_O.png,face_expressions/subset2/45M_AN_O.png,face_expressions/subset2/29M_AN_C.png,face_expressions/subset2/15F_AN_C.png,face_expressions/subset2/14F_NE_C.png,-56.56854249492382,-56.5685424949238,56.568542494923804,56.56854249492379,-80.0,80.0,-1.4695761589768237e-14,4.898587196589413e-15,-56.5685424949238,56.568542494923804,56.568542494923804,-56.56854249492382,9.797174393178826e-15,0.0,-80.0,80.0,TRUE,7,Negative,easy,0.75,training_study1,affective,j,N,B
face_expressions/subset2/29M_AN_C.png,face_expressions/subset2/20M_AN_O.png,face_expressions/subset2/36M_AN_C.png,face_expressions/subset2/24M_AN_C.png,face_expressions/subset2/36M_AN_O.png,face_expressions/subset2/31M_AN_O.png,face_expressions/subset2/27M_AN_C.png,face_expressions/subset2/15F_NE_O.png,-80.0,-1.4695761589768237e-14,80.0,-56.56854249492382,56.56854249492379,56.568542494923804,4.898587196589413e-15,-56.5685424949238,9.797174393178826e-15,-80.0,0.0,-56.5685424949238,-56.56854249492382,56.568542494923804,80.0,56.568542494923804,TRUE,7,Negative,easy,0.75,training_study1,affective,j,N,B
face_expressions/subset2/15F_AN_O.png,face_expressions/subset2/15F_AN_C.png,face_expressions/subset2/41M_AN_O.png,face_expressions/subset2/26M_AN_O.png,face_expressions/subset2/45M_AN_C.png,face_expressions/subset2/27M_AN_O.png,face_expressions/subset2/24M_AN_C.png,face_expressions/subset2/20M_NE_C.png,-56.56854249492382,-80.0,56.568542494923804,56.56854249492379,-1.4695761589768237e-14,-56.5685424949238,80.0,4.898587196589413e-15,-56.5685424949238,9.797174393178826e-15,56.568542494923804,-56.56854249492382,-80.0,56.568542494923804,0.0,80.0,TRUE,7,Negative,easy,0.75,training_study1,affective,j,N,B
face_expressions/subset2/15F_AN_C.png,face_expressions/subset2/20M_AN_C.png,face_expressions/subset2/29M_AN_C.png,face_expressions/subset2/36M_AN_C.png,face_expressions/subset2/24M_AN_O.png,face_expressions/subset2/31M_AN_O.png,face_expressions/subset2/29M_AN_O.png,face_expressions/subset2/27M_NE_C.png,80.0,4.898587196589413e-15,56.568542494923804,-80.0,-56.5685424949238,56.56854249492379,-1.4695761589768237e-14,-56.56854249492382,0.0,80.0,56.568542494923804,9.797174393178826e-15,56.568542494923804,-56.56854249492382,-80.0,-56.5685424949238,TRUE,7,Negative,easy,0.75,training_study1,affective,j,N,B
face_expressions/subset2/29M_AN_C.png,face_expressions/subset2/22M_AN_O.png,face_expressions/subset2/08F_AN_O.png,face_expressions/subset2/15F_AN_C.png,face_expressions/subset2/14F_AN_C.png,face_expressions/subset2/08F_AN_C.png,face_expressions/subset2/26M_AN_O.png,face_expressions/subset2/36M_NE_C.png,80.0,-56.5685424949238,-1.4695761589768237e-14,-80.0,-56.56854249492382,56.56854249492379,4.898587196589413e-15,56.568542494923804,0.0,56.568542494923804,-80.0,9.797174393178826e-15,-56.5685424949238,-56.56854249492382,80.0,56.568542494923804,TRUE,7,Negative,easy,0.75,training_study1,affective,j,N,B
face_expressions/subset2/45M_AN_C.png,face_expressions/subset2/45M_AN_O.png,face_expressions/subset2/22M_AN_O.png,face_expressions/subset2/08F_AN_O.png,face_expressions/subset2/14F_AN_O.png,face_expressions/subset2/41M_AN_C.png,face_expressions/subset2/14F_AN_C.png,face_expressions/subset2/14F_NE_O.png,-80.0,-1.4695761589768237e-14,56.56854249492379,-56.5685424949238,56.568542494923804,80.0,4.898587196589413e-15,-56.56854249492382,9.797174393178826e-15,-80.0,-56.56854249492382,56.568542494923804,56.568542494923804,0.0,80.0,-56.5685424949238,TRUE,7,Negative,easy,0.75,training_study1,affective,j,N,B
face_expressions/subset2/29M_AN_O.png,face_expressions/subset2/26M_AN_O.png,face_expressions/subset2/14F_AN_C.png,face_expressions/subset2/45M_AN_C.png,face_expressions/subset2/06F_AN_O.png,face_expressions/subset2/43M_AN_C.png,face_expressions/subset2/24M_AN_C.png,face_expressions/subset2/37M_NE_O.png,-56.5685424949238,-80.0,-1.4695761589768237e-14,56.56854249492379,80.0,4.898587196589413e-15,56.568542494923804,-56.56854249492382,56.568542494923804,9.797174393178826e-15,-80.0,-56.56854249492382,0.0,80.0,56.568542494923804,-56.5685424949238,TRUE,7,Negative,easy,0.75,training_study1,affective,j,N,B
face_expressions/subset2/24M_AN_C.png,face_expressions/subset2/24M_AN_O.png,face_expressions/subset2/45M_AN_C.png,face_expressions/subset2/14F_AN_O.png,face_expressions/subset2/29M_AN_O.png,face_expressions/subset2/08F_AN_O.png,face_expressions/subset2/25M_AN_O.png,face_expressions/subset2/06F_NE_O.png,-1.4695761589768237e-14,-56.56854249492382,56.568542494923804,-56.5685424949238,80.0,56.56854249492379,4.898587196589413e-15,-80.0,-80.0,-56.5685424949238,56.568542494923804,56.568542494923804,0.0,-56.56854249492382,80.0,9.797174393178826e-15,TRUE,7,Negative,easy,0.75,training_study1,affective,j,N,B
face_expressions/subset2/31M_AN_O.png,face_expressions/subset2/29M_AN_O.png,face_expressions/subset2/37M_AN_O.png,face_expressions/subset2/43M_AN_C.png,face_expressions/subset2/31M_AN_C.png,face_expressions/subset2/29M_AN_C.png,face_expressions/subset2/27M_AN_O.png,face_expressions/subset2/43M_NE_O.png,56.56854249492379,56.568542494923804,-1.4695761589768237e-14,-56.56854249492382,4.898587196589413e-15,-80.0,80.0,-56.5685424949238,-56.56854249492382,56.568542494923804,-80.0,-56.5685424949238,80.0,9.797174393178826e-15,0.0,56.568542494923804,TRUE,7,Negative,easy,0.75,training_study1,affective,j,N,B
face_expressions/subset2/26M_AN_C.png,face_expressions/subset2/45M_AN_O.png,face_expressions/subset2/41M_AN_O.png,face_expressions/subset2/20M_AN_O.png,face_expressions/subset2/20M_AN_C.png,face_expressions/subset2/43M_AN_O.png,face_expressions/subset2/26M_AN_O.png,face_expressions/subset2/31M_NE_O.png,4.898587196589413e-15,-1.4695761589768237e-14,-80.0,-56.5685424949238,-56.56854249492382,56.568542494923804,56.56854249492379,80.0,80.0,-80.0,9.797174393178826e-15,56.568542494923804,-56.5685424949238,56.568542494923804,-56.56854249492382,0.0,TRUE,7,Negative,easy,0.75,training_study1,affective,j,N,B
face_expressions/subset2/41M_AN_C.png,face_expressions/subset2/29M_AN_C.png,face_expressions/subset2/24M_AN_O.png,face_expressions/subset2/41M_AN_O.png,face_expressions/subset2/27M_AN_C.png,face_expressions/subset2/37M_AN_O.png,face_expressions/subset2/08F_AN_C.png,face_expressions/subset2/06F_NE_O.png,80.0,56.568542494923804,-56.56854249492382,-80.0,-1.4695761589768237e-14,-56.5685424949238,4.898587196589413e-15,56.56854249492379,0.0,56.568542494923804,-56.5685424949238,9.797174393178826e-15,-80.0,56.568542494923804,80.0,-56.56854249492382,TRUE,7,Negative,easy,0.75,training_study1,affective,j,N,B
face_expressions/subset2/25M_AN_O.png,face_expressions/subset2/22M_AN_C.png,face_expressions/subset2/22M_AN_O.png,face_expressions/subset2/36M_AN_O.png,face_expressions/subset2/29M_AN_O.png,face_expressions/subset2/08F_AN_C.png,face_expressions/subset2/15F_AN_C.png,face_expressions/subset2/27M_NE_C.png,4.898587196589413e-15,-1.4695761589768237e-14,56.568542494923804,-56.56854249492382,56.56854249492379,-56.5685424949238,80.0,-80.0,80.0,-80.0,56.568542494923804,-56.5685424949238,-56.56854249492382,56.568542494923804,0.0,9.797174393178826e-15,TRUE,7,Negative,easy,0.75,training_study1,affective,j,N,B
