IMG1,IMG2,IMG3,IMG4,IMG5,IMG6,IMG7,IMG8,X1,X2,X3,X4,X5,X6,X7,X8,Y1,Y2,Y3,Y4,Y5,Y6,Y7,Y8,StartExp,aff,Cond,difficulty,time,study,overbalance,CorResp,cue_left,cue_right
face_expressions/subset1/03F_HA_C.png,face_expressions/subset1/05F_NE_O.png,face_expressions/subset1/33M_NE_O.png,face_expressions/subset1/13F_NE_C.png,face_expressions/subset1/32M_NE_O.png,face_expressions/subset1/39M_NE_O.png,face_expressions/subset1/03F_NE_C.png,face_expressions/subset1/05F_NE_C.png,56.56854249492379,-80.0,-56.56854249492382,-56.5685424949238,4.898587196589413e-15,-1.4695761589768237e-14,56.568542494923804,80.0,-56.56854249492382,9.797174393178826e-15,-56.5685424949238,56.568542494923804,80.0,-80.0,56.568542494923804,0.0,TRUE,1,Positive,easy,0.75,training_study1,neutral,j,G,N
face_expressions/subset1/18F_HA_O.png,face_expressions/subset1/35M_NE_O.png,face_expressions/subset1/16F_NE_O.png,face_expressions/subset1/34M_NE_C.png,face_expressions/subset1/23M_NE_C.png,face_expressions/subset1/09F_NE_C.png,face_expressions/subset1/13F_NE_O.png,face_expressions/subset1/28M_NE_C.png,4.898587196589413e-15,56.568542494923804,56.56854249492379,80.0,-80.0,-56.56854249492382,-1.4695761589768237e-14,-56.5685424949238,80.0,56.568542494923804,-56.56854249492382,0.0,9.797174393178826e-15,-56.5685424949238,-80.0,56.568542494923804,TRUE,1,Positive,easy,0.75,training_study1,neutral,j,G,N
face_expressions/subset1/03F_HA_O.png,face_expressions/subset1/23M_NE_O.png,face_expressions/subset1/02F_NE_O.png,face_expressions/subset1/03F_NE_C.png,face_expressions/subset1/07F_NE_C.png,face_expressions/subset1/05F_NE_O.png,face_expressions/subset1/19F_NE_O.png,face_expressions/subset1/39M_NE_C.png,-56.5685424949238,4.898587196589413e-15,80.0,56.56854249492379,-56.56854249492382,56.568542494923804,-80.0,-1.4695761589768237e-14,56.568542494923804,80.0,0.0,-56.56854249492382,-56.5685424949238,56.568542494923804,9.797174393178826e-15,-80.0,TRUE,1,Positive,easy,0.75,training_study1,neutral,j,G,N
face_expressions/subset1/13F_HA_O.png,face_expressions/subset1/33M_NE_O.png,face_expressions/subset1/13F_NE_C.png,face_expressions/subset1/32M_NE_C.png,face_expressions/subset1/13F_NE_O.png,face_expressions/subset1/19F_NE_C.png,face_expressions/subset1/18F_NE_C.png,face_expressions/subset1/23M_NE_O.png,56.56854249492379,4.898587196589413e-15,80.0,-1.4695761589768237e-14,-80.0,56.568542494923804,-56.5685424949238,-56.56854249492382,-56.56854249492382,80.0,0.0,-80.0,9.797174393178826e-15,56.568542494923804,56.568542494923804,-56.5685424949238,TRUE,1,Positive,easy,0.75,training_study1,neutral,j,G,N
face_expressions/subset1/32M_HA_O.png,face_expressions/subset1/12F_NE_C.png,face_expressions/subset1/03F_NE_O.png,face_expressions/subset1/13F_NE_O.png,face_expressions/subset1/18F_NE_C.png,face_expressions/subset1/23M_NE_C.png,face_expressions/subset1/28M_NE_C.png,face_expressions/subset1/39M_NE_C.png,4.898587196589413e-15,80.0,-80.0,-56.5685424949238,56.568542494923804,-56.56854249492382,-1.4695761589768237e-14,56.56854249492379,80.0,0.0,9.797174393178826e-15,56.568542494923804,56.568542494923804,-56.5685424949238,-80.0,-56.56854249492382,TRUE,1,Positive,easy,0.75,training_study1,neutral,j,G,N
face_expressions/subset1/33M_HA_O.png,face_expressions/subset1/16F_NE_O.png,face_expressions/subset1/35M_NE_O.png,face_expressions/subset1/07F_NE_C.png,face_expressions/subset1/28M_NE_O.png,face_expressions/subset1/32M_NE_C.png,face_expressions/subset1/16F_NE_C.png,face_expressions/subset1/19F_NE_C.png,-56.56854249492382,56.568542494923804,-80.0,-1.4695761589768237e-14,80.0,56.56854249492379,4.898587196589413e-15,-56.5685424949238,-56.5685424949238,56.568542494923804,9.797174393178826e-15,-80.0,0.0,-56.56854249492382,80.0,56.568542494923804,TRUE,1,Positive,easy,0.75,training_study1,neutral,j,G,N
face_expressions/subset1/35M_HA_O.png,face_expressions/subset1/16F_NE_O.png,face_expressions/subset1/12F_NE_O.png,face_expressions/subset1/32M_NE_C.png,face_expressions/subset1/13F_NE_O.png,face_expressions/subset1/23M_NE_O.png,face_expressions/subset1/33M_NE_C.png,face_expressions/subset1/32M_NE_O.png,-56.56854249492382,-56.5685424949238,56.568542494923804,-1.4695761589768237e-14,4.898587196589413e-15,-80.0,56.56854249492379,80.0,-56.5685424949238,56.568542494923804,56.568542494923804,-80.0,80.0,9.797174393178826e-15,-56.56854249492382,0.0,TRUE,1,Positive,easy,0.75,training_study1,neutral,j,G,N
face_expressions/subset1/02F_HA_C.png,face_expressions/subset1/18F_NE_C.png,face_expressions/subset1/13F_NE_O.png,face_expressions/subset1/32M_NE_O.png,face_expressions/subset1/16F_NE_C.png,face_expressions/subset1/32M_NE_C.png,face_expressions/subset1/03F_NE_C.png,face_expressions/subset1/03F_NE_O.png,4.898587196589413e-15,56.568542494923804,-56.5685424949238,-80.0,-1.4695761589768237e-14,-56.56854249492382,80.0,56.56854249492379,80.0,56.568542494923804,56.568542494923804,9.797174393178826e-15,-80.0,-56.5685424949238,0.0,-56.56854249492382,TRUE,1,Positive,easy,0.75,training_study1,neutral,j,G,N
face_expressions/subset1/23M_HA_C.png,face_expressions/subset1/09F_NE_C.png,face_expressions/subset1/12F_NE_C.png,face_expressions/subset1/16F_NE_O.png,face_expressions/subset1/39M_NE_C.png,face_expressions/subset1/23M_NE_O.png,face_expressions/subset1/28M_NE_O.png,face_expressions/subset1/09F_NE_O.png,-56.5685424949238,4.898587196589413e-15,-56.56854249492382,80.0,56.56854249492379,-1.4695761589768237e-14,-80.0,56.568542494923804,56.568542494923804,80.0,-56.5685424949238,0.0,-56.56854249492382,-80.0,9.797174393178826e-15,56.568542494923804,TRUE,1,Positive,easy,0.75,training_study1,neutral,j,G,N
face_expressions/subset1/33M_HA_C.png,face_expressions/subset1/18F_NE_C.png,face_expressions/subset1/35M_NE_O.png,face_expressions/subset1/23M_NE_C.png,face_expressions/subset1/33M_NE_O.png,face_expressions/subset1/28M_NE_C.png,face_expressions/subset1/18F_NE_O.png,face_expressions/subset1/35M_NE_C.png,80.0,4.898587196589413e-15,56.56854249492379,-56.56854249492382,56.568542494923804,-56.5685424949238,-80.0,-1.4695761589768237e-14,0.0,80.0,-56.56854249492382,-56.5685424949238,56.568542494923804,56.568542494923804,9.797174393178826e-15,-80.0,TRUE,1,Positive,easy,0.75,training_study1,neutral,j,G,N
face_expressions/subset1/07F_HA_C.png,face_expressions/subset1/02F_NE_C.png,face_expressions/subset1/35M_NE_C.png,face_expressions/subset1/13F_NE_C.png,face_expressions/subset1/39M_NE_O.png,face_expressions/subset1/33M_NE_O.png,face_expressions/subset1/12F_NE_O.png,face_expressions/subset1/18F_NE_O.png,-80.0,-56.56854249492382,-56.5685424949238,80.0,56.56854249492379,4.898587196589413e-15,-1.4695761589768237e-14,56.568542494923804,9.797174393178826e-15,-56.5685424949238,56.568542494923804,0.0,-56.56854249492382,80.0,-80.0,56.568542494923804,TRUE,1,Positive,easy,0.75,training_study1,neutral,j,G,N
face_expressions/subset1/32M_HA_C.png,face_expressions/subset1/16F_NE_O.png,face_expressions/subset1/32M_NE_C.png,face_expressions/subset1/33M_NE_C.png,face_expressions/subset1/35M_NE_O.png,face_expressions/subset1/09F_NE_C.png,face_expressions/subset1/03F_NE_O.png,face_expressions/subset1/18F_NE_O.png,4.898587196589413e-15,56.56854249492379,80.0,56.568542494923804,-56.5685424949238,-80.0,-1.4695761589768237e-14,-56.56854249492382,80.0,-56.56854249492382,0.0,56.568542494923804,56.568542494923804,9.797174393178826e-15,-80.0,-56.5685424949238,TRUE,1,Positive,easy,0.75,training_study1,neutral,j,G,N
face_expressions/subset1/12F_HA_O.png,face_expressions/subset1/09F_HA_C.png,face_expressions/subset1/05F_HA_O.png,face_expressions/subset1/13F_NE_O.png,face_expressions/subset1/23M_NE_C.png,face_expressions/subset1/03F_NE_C.png,face_expressions/subset1/39M_NE_C.png,face_expressions/subset1/33M_NE_C.png,-56.5685424949238,-1.4695761589768237e-14,56.568542494923804,-80.0,4.898587196589413e-15,-56.56854249492382,80.0,56.56854249492379,56.568542494923804,-80.0,56.568542494923804,9.797174393178826e-15,80.0,-56.5685424949238,0.0,-56.56854249492382,TRUE,3,Positive,hard,0.75,training_study1,neutral,j,G,N
face_expressions/subset1/32M_HA_C.png,face_expressions/subset1/13F_HA_O.png,face_expressions/subset1/07F_HA_O.png,face_expressions/subset1/28M_NE_O.png,face_expressions/subset1/32M_NE_O.png,face_expressions/subset1/05F_NE_O.png,face_expressions/subset1/35M_NE_O.png,face_expressions/subset1/05F_NE_C.png,56.56854249492379,4.898587196589413e-15,-1.4695761589768237e-14,80.0,-56.56854249492382,-56.5685424949238,56.568542494923804,-80.0,-56.56854249492382,80.0,-80.0,0.0,-56.5685424949238,56.568542494923804,56.568542494923804,9.797174393178826e-15,TRUE,3,Positive,hard,0.75,training_study1,neutral,j,G,N
face_expressions/subset1/33M_HA_O.png,face_expressions/subset1/39M_HA_O.png,face_expressions/subset1/16F_HA_O.png,face_expressions/subset1/19F_NE_C.png,face_expressions/subset1/23M_NE_C.png,face_expressions/subset1/07F_NE_C.png,face_expressions/subset1/03F_NE_O.png,face_expressions/subset1/33M_NE_O.png,-56.5685424949238,56.568542494923804,-80.0,4.898587196589413e-15,80.0,-56.56854249492382,56.56854249492379,-1.4695761589768237e-14,56.568542494923804,56.568542494923804,9.797174393178826e-15,80.0,0.0,-56.5685424949238,-56.56854249492382,-80.0,TRUE,3,Positive,hard,0.75,training_study1,neutral,j,G,N
face_expressions/subset1/19F_HA_C.png,face_expressions/subset1/28M_HA_O.png,face_expressions/subset1/35M_HA_C.png,face_expressions/subset1/09F_NE_C.png,face_expressions/subset1/39M_NE_O.png,face_expressions/subset1/13F_NE_C.png,face_expressions/subset1/33M_NE_O.png,face_expressions/subset1/35M_NE_C.png,-56.5685424949238,80.0,-1.4695761589768237e-14,56.56854249492379,-56.56854249492382,4.898587196589413e-15,56.568542494923804,-80.0,56.568542494923804,0.0,-80.0,-56.56854249492382,-56.5685424949238,80.0,56.568542494923804,9.797174393178826e-15,TRUE,3,Positive,hard,0.75,training_study1,neutral,j,G,N
face_expressions/subset1/13F_HA_O.png,face_expressions/subset1/05F_HA_C.png,face_expressions/subset1/28M_HA_C.png,face_expressions/subset1/03F_NE_C.png,face_expressions/subset1/23M_NE_C.png,face_expressions/subset1/19F_NE_C.png,face_expressions/subset1/16F_NE_O.png,face_expressions/subset1/34M_NE_C.png,56.56854249492379,-1.4695761589768237e-14,-56.5685424949238,80.0,-80.0,4.898587196589413e-15,56.568542494923804,-56.56854249492382,-56.56854249492382,-80.0,56.568542494923804,0.0,9.797174393178826e-15,80.0,56.568542494923804,-56.5685424949238,TRUE,3,Positive,hard,0.75,training_study1,neutral,j,G,N
face_expressions/subset1/02F_HA_O.png,face_expressions/subset1/05F_HA_O.png,face_expressions/subset1/34M_HA_O.png,face_expressions/subset1/12F_NE_C.png,face_expressions/subset1/35M_NE_C.png,face_expressions/subset1/05F_NE_O.png,face_expressions/subset1/28M_NE_O.png,face_expressions/subset1/34M_NE_C.png,-56.56854249492382,-56.5685424949238,56.56854249492379,4.898587196589413e-15,-1.4695761589768237e-14,56.568542494923804,80.0,-80.0,-56.5685424949238,56.568542494923804,-56.56854249492382,80.0,-80.0,56.568542494923804,0.0,9.797174393178826e-15,TRUE,3,Positive,hard,0.75,training_study1,neutral,j,G,N
face_expressions/subset1/02F_HA_C.png,face_expressions/subset1/35M_HA_O.png,face_expressions/subset1/03F_HA_O.png,face_expressions/subset1/02F_NE_O.png,face_expressions/subset1/35M_NE_O.png,face_expressions/subset1/12F_NE_C.png,face_expressions/subset1/07F_NE_C.png,face_expressions/subset1/03F_NE_O.png,56.568542494923804,-80.0,80.0,-56.56854249492382,-56.5685424949238,56.56854249492379,-1.4695761589768237e-14,4.898587196589413e-15,56.568542494923804,9.797174393178826e-15,0.0,-56.5685424949238,56.568542494923804,-56.56854249492382,-80.0,80.0,TRUE,3,Positive,hard,0.75,training_study1,neutral,j,G,N
face_expressions/subset1/13F_HA_O.png,face_expressions/subset1/05F_HA_O.png,face_expressions/subset1/28M_HA_C.png,face_expressions/subset1/02F_NE_C.png,face_expressions/subset1/16F_NE_C.png,face_expressions/subset1/33M_NE_C.png,face_expressions/subset1/13F_NE_C.png,face_expressions/subset1/19F_NE_C.png,-1.4695761589768237e-14,-80.0,56.56854249492379,56.568542494923804,80.0,4.898587196589413e-15,-56.5685424949238,-56.56854249492382,-80.0,9.797174393178826e-15,-56.56854249492382,56.568542494923804,0.0,80.0,56.568542494923804,-56.5685424949238,TRUE,3,Positive,hard,0.75,training_study1,neutral,j,G,N
face_expressions/subset1/02F_HA_C.png,face_expressions/subset1/09F_HA_O.png,face_expressions/subset1/12F_HA_C.png,face_expressions/subset1/09F_NE_C.png,face_expressions/subset1/13F_NE_O.png,face_expressions/subset1/19F_NE_C.png,face_expressions/subset1/39M_NE_C.png,face_expressions/subset1/34M_NE_C.png,-1.4695761589768237e-14,4.898587196589413e-15,56.56854249492379,-80.0,56.568542494923804,-56.56854249492382,80.0,-56.5685424949238,-80.0,80.0,-56.56854249492382,9.797174393178826e-15,56.568542494923804,-56.5685424949238,0.0,56.568542494923804,TRUE,3,Positive,hard,0.75,training_study1,neutral,j,G,N
face_expressions/subset1/12F_HA_O.png,face_expressions/subset1/05F_HA_C.png,face_expressions/subset1/19F_HA_C.png,face_expressions/subset1/32M_NE_C.png,face_expressions/subset1/09F_NE_C.png,face_expressions/subset1/35M_NE_O.png,face_expressions/subset1/05F_NE_C.png,face_expressions/subset1/16F_NE_C.png,-80.0,4.898587196589413e-15,80.0,-56.56854249492382,-1.4695761589768237e-14,56.56854249492379,-56.5685424949238,56.568542494923804,9.797174393178826e-15,80.0,0.0,-56.5685424949238,-80.0,-56.56854249492382,56.568542494923804,56.568542494923804,TRUE,3,Positive,hard,0.75,training_study1,neutral,j,G,N
face_expressions/subset1/23M_HA_C.png,face_expressions/subset1/35M_HA_O.png,face_expressions/subset1/12F_HA_C.png,face_expressions/subset1/03F_NE_C.png,face_expressions/subset1/13F_NE_O.png,face_expressions/subset1/32M_NE_C.png,face_expressions/subset1/33M_NE_O.png,face_expressions/subset1/09F_NE_C.png,56.56854249492379,-56.56854249492382,-80.0,4.898587196589413e-15,-1.4695761589768237e-14,56.568542494923804,80.0,-56.5685424949238,-56.56854249492382,-56.5685424949238,9.797174393178826e-15,80.0,-80.0,56.568542494923804,0.0,56.568542494923804,TRUE,3,Positive,hard,0.75,training_study1,neutral,j,G,N
face_expressions/subset1/23M_HA_O.png,face_expressions/subset1/19F_HA_C.png,face_expressions/subset1/18F_HA_O.png,face_expressions/subset1/05F_NE_O.png,face_expressions/subset1/32M_NE_O.png,face_expressions/subset1/23M_NE_C.png,face_expressions/subset1/35M_NE_C.png,face_expressions/subset1/35M_NE_O.png,-80.0,-1.4695761589768237e-14,-56.56854249492382,56.568542494923804,80.0,4.898587196589413e-15,56.56854249492379,-56.5685424949238,9.797174393178826e-15,-80.0,-56.5685424949238,56.568542494923804,0.0,80.0,-56.56854249492382,56.568542494923804,TRUE,3,Positive,hard,0.75,training_study1,neutral,j,G,N
face_expressions/subset1/12F_HA_O.png,face_expressions/subset1/18F_HA_C.png,face_expressions/subset1/23M_HA_O.png,face_expressions/subset1/16F_HA_O.png,face_expressions/subset1/23M_NE_C.png,face_expressions/subset1/02F_NE_C.png,face_expressions/subset1/05F_NE_O.png,face_expressions/subset1/34M_NE_C.png,-56.5685424949238,80.0,-56.56854249492382,56.568542494923804,-80.0,4.898587196589413e-15,-1.4695761589768237e-14,56.56854249492379,56.568542494923804,0.0,-56.5685424949238,56.568542494923804,9.797174393178826e-15,80.0,-80.0,-56.56854249492382,TRUE,4,Positive,even,0.75,training_study1,even,j,G,N
face_expressions/subset1/05F_HA_O.png,face_expressions/subset1/09F_HA_O.png,face_expressions/subset1/12F_HA_C.png,face_expressions/subset1/18F_HA_O.png,face_expressions/subset1/07F_NE_O.png,face_expressions/subset1/18F_NE_O.png,face_expressions/subset1/28M_NE_O.png,face_expressions/subset1/39M_NE_C.png,-56.56854249492382,-80.0,-56.5685424949238,56.56854249492379,56.568542494923804,4.898587196589413e-15,-1.4695761589768237e-14,80.0,-56.5685424949238,9.797174393178826e-15,56.568542494923804,-56.56854249492382,56.568542494923804,80.0,-80.0,0.0,TRUE,4,Positive,even,0.75,training_study1,even,f,G,N
face_expressions/subset1/34M_HA_C.png,face_expressions/subset1/12F_HA_O.png,face_expressions/subset1/23M_HA_O.png,face_expressions/subset1/19F_HA_O.png,face_expressions/subset1/33M_NE_C.png,face_expressions/subset1/39M_NE_C.png,face_expressions/subset1/09F_NE_O.png,face_expressions/subset1/19F_NE_C.png,56.56854249492379,80.0,-56.5685424949238,-56.56854249492382,56.568542494923804,-80.0,4.898587196589413e-15,-1.4695761589768237e-14,-56.56854249492382,0.0,56.568542494923804,-56.5685424949238,56.568542494923804,9.797174393178826e-15,80.0,-80.0,TRUE,4,Positive,even,0.75,training_study1,even,f,G,N
face_expressions/subset1/09F_HA_C.png,face_expressions/subset1/05F_HA_C.png,face_expressions/subset1/19F_HA_C.png,face_expressions/subset1/16F_HA_O.png,face_expressions/subset1/19F_NE_O.png,face_expressions/subset1/09F_NE_C.png,face_expressions/subset1/16F_NE_C.png,face_expressions/subset1/39M_NE_C.png,56.56854249492379,-56.56854249492382,80.0,56.568542494923804,-80.0,4.898587196589413e-15,-1.4695761589768237e-14,-56.5685424949238,-56.56854249492382,-56.5685424949238,0.0,56.568542494923804,9.797174393178826e-15,80.0,-80.0,56.568542494923804,TRUE,4,Positive,even,0.75,training_study1,even,f,G,N
face_expressions/subset1/16F_HA_C.png,face_expressions/subset1/18F_HA_C.png,face_expressions/subset1/02F_HA_O.png,face_expressions/subset1/03F_HA_C.png,face_expressions/subset1/03F_NE_C.png,face_expressions/subset1/19F_NE_O.png,face_expressions/subset1/07F_NE_O.png,face_expressions/subset1/35M_NE_C.png,-80.0,56.568542494923804,-56.5685424949238,-56.56854249492382,-1.4695761589768237e-14,4.898587196589413e-15,80.0,56.56854249492379,9.797174393178826e-15,56.568542494923804,56.568542494923804,-56.5685424949238,-80.0,80.0,0.0,-56.56854249492382,TRUE,4,Positive,even,0.75,training_study1,even,j,G,N
face_expressions/subset1/33M_HA_C.png,face_expressions/subset1/07F_HA_C.png,face_expressions/subset1/23M_HA_O.png,face_expressions/subset1/23M_HA_C.png,face_expressions/subset1/05F_NE_O.png,face_expressions/subset1/35M_NE_C.png,face_expressions/subset1/09F_NE_O.png,face_expressions/subset1/33M_NE_O.png,56.56854249492379,-1.4695761589768237e-14,4.898587196589413e-15,80.0,-56.56854249492382,-80.0,56.568542494923804,-56.5685424949238,-56.56854249492382,-80.0,80.0,0.0,-56.5685424949238,9.797174393178826e-15,56.568542494923804,56.568542494923804,TRUE,4,Positive,even,0.75,training_study1,even,f,G,N
face_expressions/subset1/19F_HA_O.png,face_expressions/subset1/13F_HA_O.png,face_expressions/subset1/23M_HA_C.png,face_expressions/subset1/12F_HA_O.png,face_expressions/subset1/23M_NE_C.png,face_expressions/subset1/05F_NE_O.png,face_expressions/subset1/02F_NE_O.png,face_expressions/subset1/33M_NE_C.png,-80.0,-56.5685424949238,-56.56854249492382,4.898587196589413e-15,80.0,56.56854249492379,-1.4695761589768237e-14,56.568542494923804,9.797174393178826e-15,56.568542494923804,-56.5685424949238,80.0,0.0,-56.56854249492382,-80.0,56.568542494923804,TRUE,4,Positive,even,0.75,training_study1,even,f,G,N
face_expressions/subset1/19F_HA_O.png,face_expressions/subset1/34M_HA_O.png,face_expressions/subset1/35M_HA_O.png,face_expressions/subset1/09F_HA_C.png,face_expressions/subset1/02F_NE_O.png,face_expressions/subset1/07F_NE_C.png,face_expressions/subset1/18F_NE_C.png,face_expressions/subset1/28M_NE_C.png,4.898587196589413e-15,-80.0,-56.5685424949238,-1.4695761589768237e-14,56.56854249492379,80.0,-56.56854249492382,56.568542494923804,80.0,9.797174393178826e-15,56.568542494923804,-80.0,-56.56854249492382,0.0,-56.5685424949238,56.568542494923804,TRUE,4,Positive,even,0.75,training_study1,even,j,G,N
face_expressions/subset1/34M_HA_O.png,face_expressions/subset1/33M_HA_O.png,face_expressions/subset1/28M_HA_C.png,face_expressions/subset1/18F_HA_O.png,face_expressions/subset1/05F_NE_C.png,face_expressions/subset1/32M_NE_C.png,face_expressions/subset1/39M_NE_C.png,face_expressions/subset1/19F_NE_O.png,56.56854249492379,-56.56854249492382,80.0,-80.0,-1.4695761589768237e-14,56.568542494923804,-56.5685424949238,4.898587196589413e-15,-56.56854249492382,-56.5685424949238,0.0,9.797174393178826e-15,-80.0,56.568542494923804,56.568542494923804,80.0,TRUE,4,Positive,even,0.75,training_study1,even,f,G,N
face_expressions/subset1/02F_HA_O.png,face_expressions/subset1/12F_HA_C.png,face_expressions/subset1/23M_HA_O.png,face_expressions/subset1/05F_HA_C.png,face_expressions/subset1/02F_NE_C.png,face_expressions/subset1/23M_NE_C.png,face_expressions/subset1/33M_NE_C.png,face_expressions/subset1/34M_NE_O.png,-1.4695761589768237e-14,4.898587196589413e-15,-80.0,80.0,-56.5685424949238,-56.56854249492382,56.568542494923804,56.56854249492379,-80.0,80.0,9.797174393178826e-15,0.0,56.568542494923804,-56.5685424949238,56.568542494923804,-56.56854249492382,TRUE,4,Positive,even,0.75,training_study1,even,f,G,N
face_expressions/subset1/35M_HA_O.png,face_expressions/subset1/16F_HA_C.png,face_expressions/subset1/34M_HA_O.png,face_expressions/subset1/02F_HA_O.png,face_expressions/subset1/32M_NE_O.png,face_expressions/subset1/34M_NE_O.png,face_expressions/subset1/33M_NE_C.png,face_expressions/subset1/39M_NE_C.png,-56.5685424949238,-56.56854249492382,56.568542494923804,-1.4695761589768237e-14,-80.0,80.0,56.56854249492379,4.898587196589413e-15,56.568542494923804,-56.5685424949238,56.568542494923804,-80.0,9.797174393178826e-15,0.0,-56.56854249492382,80.0,TRUE,4,Positive,even,0.75,training_study1,even,j,G,N
face_expressions/subset1/32M_HA_O.png,face_expressions/subset1/07F_HA_O.png,face_expressions/subset1/12F_HA_C.png,face_expressions/subset1/16F_HA_C.png,face_expressions/subset1/28M_NE_C.png,face_expressions/subset1/33M_NE_O.png,face_expressions/subset1/03F_NE_C.png,face_expressions/subset1/39M_NE_C.png,56.568542494923804,80.0,56.56854249492379,-80.0,4.898587196589413e-15,-56.56854249492382,-56.5685424949238,-1.4695761589768237e-14,56.568542494923804,0.0,-56.56854249492382,9.797174393178826e-15,80.0,-56.5685424949238,56.568542494923804,-80.0,TRUE,4,Positive,even,0.75,training_study1,even,j,G,N
face_expressions/subset1/39M_HA_C.png,face_expressions/subset1/32M_HA_C.png,face_expressions/subset1/07F_HA_C.png,face_expressions/subset1/28M_HA_C.png,face_expressions/subset1/33M_HA_O.png,face_expressions/subset1/16F_NE_O.png,face_expressions/subset1/33M_NE_O.png,face_expressions/subset1/39M_NE_O.png,-56.56854249492382,80.0,-80.0,-56.5685424949238,-1.4695761589768237e-14,56.56854249492379,56.568542494923804,4.898587196589413e-15,-56.5685424949238,0.0,9.797174393178826e-15,56.568542494923804,-80.0,-56.56854249492382,56.568542494923804,80.0,TRUE,5,Positive,hard,0.75,training_study1,affective,f,G,N
face_expressions/subset1/19F_HA_C.png,face_expressions/subset1/35M_HA_O.png,face_expressions/subset1/23M_HA_O.png,face_expressions/subset1/18F_HA_O.png,face_expressions/subset1/02F_HA_O.png,face_expressions/subset1/13F_NE_C.png,face_expressions/subset1/03F_NE_O.png,face_expressions/subset1/02F_NE_C.png,-1.4695761589768237e-14,80.0,56.56854249492379,-80.0,56.568542494923804,-56.5685424949238,-56.56854249492382,4.898587196589413e-15,-80.0,0.0,-56.56854249492382,9.797174393178826e-15,56.568542494923804,56.568542494923804,-56.5685424949238,80.0,TRUE,5,Positive,hard,0.75,training_study1,affective,f,G,N
face_expressions/subset1/12F_HA_C.png,face_expressions/subset1/05F_HA_C.png,face_expressions/subset1/13F_HA_C.png,face_expressions/subset1/28M_HA_O.png,face_expressions/subset1/05F_HA_O.png,face_expressions/subset1/05F_NE_O.png,face_expressions/subset1/16F_NE_O.png,face_expressions/subset1/13F_NE_O.png,-1.4695761589768237e-14,80.0,-56.5685424949238,-56.56854249492382,-80.0,56.56854249492379,56.568542494923804,4.898587196589413e-15,-80.0,0.0,56.568542494923804,-56.5685424949238,9.797174393178826e-15,-56.56854249492382,56.568542494923804,80.0,TRUE,5,Positive,hard,0.75,training_study1,affective,f,G,N
face_expressions/subset1/12F_HA_C.png,face_expressions/subset1/02F_HA_C.png,face_expressions/subset1/12F_HA_O.png,face_expressions/subset1/19F_HA_C.png,face_expressions/subset1/18F_HA_C.png,face_expressions/subset1/19F_NE_C.png,face_expressions/subset1/28M_NE_C.png,face_expressions/subset1/12F_NE_C.png,-1.4695761589768237e-14,-56.5685424949238,-56.56854249492382,-80.0,56.568542494923804,56.56854249492379,80.0,4.898587196589413e-15,-80.0,56.568542494923804,-56.5685424949238,9.797174393178826e-15,56.568542494923804,-56.56854249492382,0.0,80.0,TRUE,5,Positive,hard,0.75,training_study1,affective,f,G,N
face_expressions/subset1/05F_HA_O.png,face_expressions/subset1/13F_HA_C.png,face_expressions/subset1/18F_HA_C.png,face_expressions/subset1/07F_HA_O.png,face_expressions/subset1/16F_HA_C.png,face_expressions/subset1/19F_NE_C.png,face_expressions/subset1/02F_NE_O.png,face_expressions/subset1/09F_NE_C.png,-56.5685424949238,80.0,-1.4695761589768237e-14,56.56854249492379,56.568542494923804,-80.0,4.898587196589413e-15,-56.56854249492382,56.568542494923804,0.0,-80.0,-56.56854249492382,56.568542494923804,9.797174393178826e-15,80.0,-56.5685424949238,TRUE,5,Positive,hard,0.75,training_study1,affective,f,G,N
face_expressions/subset1/32M_HA_O.png,face_expressions/subset1/03F_HA_C.png,face_expressions/subset1/03F_HA_O.png,face_expressions/subset1/35M_HA_O.png,face_expressions/subset1/05F_HA_O.png,face_expressions/subset1/13F_NE_O.png,face_expressions/subset1/16F_NE_C.png,face_expressions/subset1/02F_NE_O.png,56.568542494923804,-1.4695761589768237e-14,-56.5685424949238,4.898587196589413e-15,-56.56854249492382,80.0,-80.0,56.56854249492379,56.568542494923804,-80.0,56.568542494923804,80.0,-56.5685424949238,0.0,9.797174393178826e-15,-56.56854249492382,TRUE,5,Positive,hard,0.75,training_study1,affective,f,G,N
face_expressions/subset1/35M_HA_O.png,face_expressions/subset1/12F_HA_C.png,face_expressions/subset1/32M_HA_O.png,face_expressions/subset1/12F_HA_O.png,face_expressions/subset1/19F_HA_C.png,face_expressions/subset1/35M_NE_O.png,face_expressions/subset1/12F_NE_C.png,face_expressions/subset1/05F_NE_C.png,-1.4695761589768237e-14,56.568542494923804,56.56854249492379,4.898587196589413e-15,-56.5685424949238,-56.56854249492382,80.0,-80.0,-80.0,56.568542494923804,-56.56854249492382,80.0,56.568542494923804,-56.5685424949238,0.0,9.797174393178826e-15,TRUE,5,Positive,hard,0.75,training_study1,affective,f,G,N
face_expressions/subset1/05F_HA_O.png,face_expressions/subset1/23M_HA_C.png,face_expressions/subset1/35M_HA_C.png,face_expressions/subset1/28M_HA_C.png,face_expressions/subset1/09F_HA_C.png,face_expressions/subset1/35M_NE_C.png,face_expressions/subset1/39M_NE_C.png,face_expressions/subset1/07F_NE_O.png,80.0,-56.56854249492382,-1.4695761589768237e-14,-56.5685424949238,-80.0,4.898587196589413e-15,56.56854249492379,56.568542494923804,0.0,-56.5685424949238,-80.0,56.568542494923804,9.797174393178826e-15,80.0,-56.56854249492382,56.568542494923804,TRUE,5,Positive,hard,0.75,training_study1,affective,f,G,N
face_expressions/subset1/16F_HA_O.png,face_expressions/subset1/33M_HA_C.png,face_expressions/subset1/32M_HA_O.png,face_expressions/subset1/33M_HA_O.png,face_expressions/subset1/09F_HA_C.png,face_expressions/subset1/39M_NE_C.png,face_expressions/subset1/32M_NE_C.png,face_expressions/subset1/03F_NE_C.png,-1.4695761589768237e-14,-56.5685424949238,80.0,56.56854249492379,-56.56854249492382,4.898587196589413e-15,56.568542494923804,-80.0,-80.0,56.568542494923804,0.0,-56.56854249492382,-56.5685424949238,80.0,56.568542494923804,9.797174393178826e-15,TRUE,5,Positive,hard,0.75,training_study1,affective,f,G,N
face_expressions/subset1/19F_HA_C.png,face_expressions/subset1/33M_HA_C.png,face_expressions/subset1/16F_HA_C.png,face_expressions/subset1/23M_HA_C.png,face_expressions/subset1/03F_HA_O.png,face_expressions/subset1/05F_NE_C.png,face_expressions/subset1/39M_NE_O.png,face_expressions/subset1/12F_NE_O.png,80.0,-1.4695761589768237e-14,-56.56854249492382,-80.0,-56.5685424949238,56.568542494923804,4.898587196589413e-15,56.56854249492379,0.0,-80.0,-56.5685424949238,9.797174393178826e-15,56.568542494923804,56.568542494923804,80.0,-56.56854249492382,TRUE,5,Positive,hard,0.75,training_study1,affective,f,G,N
face_expressions/subset1/13F_HA_C.png,face_expressions/subset1/03F_HA_C.png,face_expressions/subset1/33M_HA_O.png,face_expressions/subset1/18F_HA_O.png,face_expressions/subset1/32M_HA_O.png,face_expressions/subset1/18F_NE_O.png,face_expressions/subset1/16F_NE_O.png,face_expressions/subset1/12F_NE_C.png,56.56854249492379,4.898587196589413e-15,-80.0,-1.4695761589768237e-14,-56.5685424949238,56.568542494923804,80.0,-56.56854249492382,-56.56854249492382,80.0,9.797174393178826e-15,-80.0,56.568542494923804,56.568542494923804,0.0,-56.5685424949238,TRUE,5,Positive,hard,0.75,training_study1,affective,f,G,N
face_expressions/subset1/28M_HA_O.png,face_expressions/subset1/35M_HA_C.png,face_expressions/subset1/12F_HA_O.png,face_expressions/subset1/02F_HA_O.png,face_expressions/subset1/19F_HA_O.png,face_expressions/subset1/39M_NE_O.png,face_expressions/subset1/03F_NE_C.png,face_expressions/subset1/02F_NE_O.png,80.0,56.568542494923804,-56.5685424949238,-80.0,4.898587196589413e-15,56.56854249492379,-1.4695761589768237e-14,-56.56854249492382,0.0,56.568542494923804,56.568542494923804,9.797174393178826e-15,80.0,-56.56854249492382,-80.0,-56.5685424949238,TRUE,5,Positive,hard,0.75,training_study1,affective,f,G,N
face_expressions/subset1/09F_HA_O.png,face_expressions/subset1/39M_HA_O.png,face_expressions/subset1/05F_HA_O.png,face_expressions/subset1/34M_HA_O.png,face_expressions/subset1/02F_HA_O.png,face_expressions/subset1/33M_HA_O.png,face_expressions/subset1/16F_HA_O.png,face_expressions/subset1/33M_NE_C.png,56.568542494923804,-80.0,-56.5685424949238,-1.4695761589768237e-14,80.0,56.56854249492379,4.898587196589413e-15,-56.56854249492382,56.568542494923804,9.797174393178826e-15,56.568542494923804,-80.0,0.0,-56.56854249492382,80.0,-56.5685424949238,TRUE,7,Positive,easy,0.75,training_study1,affective,f,G,N
face_expressions/subset1/07F_HA_O.png,face_expressions/subset1/05F_HA_C.png,face_expressions/subset1/32M_HA_O.png,face_expressions/subset1/39M_HA_C.png,face_expressions/subset1/07F_HA_C.png,face_expressions/subset1/35M_HA_O.png,face_expressions/subset1/32M_HA_C.png,face_expressions/subset1/02F_NE_C.png,-56.5685424949238,56.568542494923804,-80.0,4.898587196589413e-15,80.0,-1.4695761589768237e-14,56.56854249492379,-56.56854249492382,56.568542494923804,56.568542494923804,9.797174393178826e-15,80.0,0.0,-80.0,-56.56854249492382,-56.5685424949238,TRUE,7,Positive,easy,0.75,training_study1,affective,f,G,N
face_expressions/subset1/03F_HA_O.png,face_expressions/subset1/16F_HA_C.png,face_expressions/subset1/32M_HA_C.png,face_expressions/subset1/16F_HA_O.png,face_expressions/subset1/39M_HA_O.png,face_expressions/subset1/12F_HA_O.png,face_expressions/subset1/39M_HA_C.png,face_expressions/subset1/09F_NE_C.png,-56.5685424949238,-56.56854249492382,-1.4695761589768237e-14,56.568542494923804,-80.0,4.898587196589413e-15,80.0,56.56854249492379,56.568542494923804,-56.5685424949238,-80.0,56.568542494923804,9.797174393178826e-15,80.0,0.0,-56.56854249492382,TRUE,7,Positive,easy,0.75,training_study1,affective,f,G,N
face_expressions/subset1/32M_HA_C.png,face_expressions/subset1/05F_HA_O.png,face_expressions/subset1/12F_HA_C.png,face_expressions/subset1/18F_HA_O.png,face_expressions/subset1/34M_HA_O.png,face_expressions/subset1/33M_HA_C.png,face_expressions/subset1/07F_HA_O.png,face_expressions/subset1/07F_NE_O.png,-56.56854249492382,56.56854249492379,-80.0,56.568542494923804,-56.5685424949238,80.0,-1.4695761589768237e-14,4.898587196589413e-15,-56.5685424949238,-56.56854249492382,9.797174393178826e-15,56.568542494923804,56.568542494923804,0.0,-80.0,80.0,TRUE,7,Positive,easy,0.75,training_study1,affective,f,G,N
face_expressions/subset1/34M_HA_C.png,face_expressions/subset1/09F_HA_C.png,face_expressions/subset1/39M_HA_C.png,face_expressions/subset1/23M_HA_O.png,face_expressions/subset1/12F_HA_O.png,face_expressions/subset1/19F_HA_C.png,face_expressions/subset1/23M_HA_C.png,face_expressions/subset1/28M_NE_O.png,56.56854249492379,-56.5685424949238,-1.4695761589768237e-14,4.898587196589413e-15,56.568542494923804,80.0,-80.0,-56.56854249492382,-56.56854249492382,56.568542494923804,-80.0,80.0,56.568542494923804,0.0,9.797174393178826e-15,-56.5685424949238,TRUE,7,Positive,easy,0.75,training_study1,affective,f,G,N
face_expressions/subset1/32M_HA_C.png,face_expressions/subset1/34M_HA_C.png,face_expressions/subset1/33M_HA_O.png,face_expressions/subset1/23M_HA_O.png,face_expressions/subset1/18F_HA_C.png,face_expressions/subset1/02F_HA_C.png,face_expressions/subset1/16F_HA_O.png,face_expressions/subset1/12F_NE_O.png,56.56854249492379,-56.56854249492382,80.0,-80.0,56.568542494923804,-56.5685424949238,-1.4695761589768237e-14,4.898587196589413e-15,-56.56854249492382,-56.5685424949238,0.0,9.797174393178826e-15,56.568542494923804,56.568542494923804,-80.0,80.0,TRUE,7,Positive,easy,0.75,training_study1,affective,f,G,N
face_expressions/subset1/35M_HA_C.png,face_expressions/subset1/02F_HA_O.png,face_expressions/subset1/03F_HA_O.png,face_expressions/subset1/33M_HA_O.png,face_expressions/subset1/12F_HA_O.png,face_expressions/subset1/16F_HA_O.png,face_expressions/subset1/13F_HA_O.png,face_expressions/subset1/16F_NE_C.png,4.898587196589413e-15,-56.5685424949238,80.0,-56.56854249492382,56.568542494923804,-80.0,-1.4695761589768237e-14,56.56854249492379,80.0,56.568542494923804,0.0,-56.5685424949238,56.568542494923804,9.797174393178826e-15,-80.0,-56.56854249492382,TRUE,7,Positive,easy,0.75,training_study1,affective,f,G,N
face_expressions/subset1/23M_HA_C.png,face_expressions/subset1/13F_HA_C.png,face_expressions/subset1/05F_HA_C.png,face_expressions/subset1/32M_HA_C.png,face_expressions/subset1/02F_HA_O.png,face_expressions/subset1/07F_HA_O.png,face_expressions/subset1/02F_HA_C.png,face_expressions/subset1/34M_NE_C.png,4.898587196589413e-15,-80.0,80.0,-1.4695761589768237e-14,56.568542494923804,-56.5685424949238,56.56854249492379,-56.56854249492382,80.0,9.797174393178826e-15,0.0,-80.0,56.568542494923804,56.568542494923804,-56.56854249492382,-56.5685424949238,TRUE,7,Positive,easy,0.75,training_study1,affective,f,G,N
face_expressions/subset1/12F_HA_C.png,face_expressions/subset1/34M_HA_O.png,face_expressions/subset1/32M_HA_O.png,face_expressions/subset1/32M_HA_C.png,face_expressions/subset1/19F_HA_O.png,face_expressions/subset1/28M_HA_C.png,face_expressions/subset1/18F_HA_O.png,face_expressions/subset1/33M_NE_C.png,-56.56854249492382,4.898587196589413e-15,-80.0,-1.4695761589768237e-14,56.56854249492379,80.0,-56.5685424949238,56.568542494923804,-56.5685424949238,80.0,9.797174393178826e-15,-80.0,-56.56854249492382,0.0,56.568542494923804,56.568542494923804,TRUE,7,Positive,easy,0.75,training_study1,affective,f,G,N
face_expressions/subset1/13F_HA_C.png,face_expressions/subset1/19F_HA_C.png,face_expressions/subset1/03F_HA_O.png,face_expressions/subset1/28M_HA_C.png,face_expressions/subset1/33M_HA_O.png,face_expressions/subset1/34M_HA_C.png,face_expressions/subset1/05F_HA_O.png,face_expressions/subset1/05F_NE_C.png,-80.0,4.898587196589413e-15,56.56854249492379,56.568542494923804,-1.4695761589768237e-14,-56.56854249492382,80.0,-56.5685424949238,9.797174393178826e-15,80.0,-56.56854249492382,56.568542494923804,-80.0,-56.5685424949238,0.0,56.568542494923804,TRUE,7,Positive,easy,0.75,training_study1,affective,f,G,N
face_expressions/subset1/39M_HA_O.png,face_expressions/subset1/03F_HA_C.png,face_expressions/subset1/03F_HA_O.png,face_expressions/subset1/12F_HA_O.png,face_expressions/subset1/32M_HA_C.png,face_expressions/subset1/34M_HA_O.png,face_expressions/subset1/05F_HA_C.png,face_expressions/subset1/33M_NE_O.png,-56.5685424949238,80.0,56.568542494923804,-80.0,56.56854249492379,-1.4695761589768237e-14,4.898587196589413e-15,-56.56854249492382,56.568542494923804,0.0,56.568542494923804,9.797174393178826e-15,-56.56854249492382,-80.0,80.0,-56.5685424949238,TRUE,7,Positive,easy,0.75,training_study1,affective,f,G,N
face_expressions/subset1/23M_HA_C.png,face_expressions/subset1/13F_HA_O.png,face_expressions/subset1/39M_HA_C.png,face_expressions/subset1/12F_HA_C.png,face_expressions/subset1/12F_HA_O.png,face_expressions/subset1/18F_HA_O.png,face_expressions/subset1/05F_HA_C.png,face_expressions/subset1/34M_NE_C.png,-56.56854249492382,4.898587196589413e-15,80.0,-80.0,-56.5685424949238,-1.4695761589768237e-14,56.568542494923804,56.56854249492379,-56.5685424949238,80.0,0.0,9.797174393178826e-15,56.568542494923804,-80.0,56.568542494923804,-56.56854249492382,TRUE,7,Positive,easy,0.75,training_study1,affective,f,G,N
