IMG1,IMG2,IMG3,IMG4,IMG5,IMG6,IMG7,IMG8,X1,X2,X3,X4,X5,X6,X7,X8,Y1,Y2,Y3,Y4,Y5,Y6,Y7,Y8,StartExp,aff,Cond,difficulty,time,study,overbalance,CorResp,cue_left,cue_right
face_expressions/training/21M_AN_O.png,face_expressions/training/40M_HA_C.png,face_expressions/training/01F_HA_C.png,face_expressions/training/30M_HA_C.png,face_expressions/training/40M_HA_O.png,face_expressions/training/17F_HA_C.png,face_expressions/training/21M_HA_C.png,face_expressions/training/30M_HA_O.png,-1.4695761589768237e-14,80.0,-56.56854249492382,4.898587196589413e-15,56.56854249492379,-80.0,56.568542494923804,-56.5685424949238,-80.0,0.0,-56.5685424949238,80.0,-56.56854249492382,9.797174393178826e-15,56.568542494923804,56.568542494923804,TRUE,1,Neg_Pos,easy,0.75,training_study1,Gelukkig,f,G,B
face_expressions/training/40M_AN_O.png,face_expressions/training/01F_HA_O.png,face_expressions/training/30M_HA_O.png,face_expressions/training/11F_HA_C.png,face_expressions/training/17F_HA_C.png,face_expressions/training/40M_HA_C.png,face_expressions/training/21M_HA_O.png,face_expressions/training/42M_HA_O.png,-1.4695761589768237e-14,80.0,4.898587196589413e-15,-80.0,-56.5685424949238,-56.56854249492382,56.568542494923804,56.56854249492379,-80.0,0.0,80.0,9.797174393178826e-15,56.568542494923804,-56.5685424949238,56.568542494923804,-56.56854249492382,TRUE,1,Neg_Pos,easy,0.75,training_study1,Gelukkig,f,G,B
face_expressions/training/10F_AN_C.png,face_expressions/training/38M_HA_O.png,face_expressions/training/21M_HA_C.png,face_expressions/training/10F_HA_O.png,face_expressions/training/17F_HA_C.png,face_expressions/training/01F_HA_O.png,face_expressions/training/11F_HA_C.png,face_expressions/training/21M_HA_O.png,-1.4695761589768237e-14,56.56854249492379,80.0,-80.0,4.898587196589413e-15,56.568542494923804,-56.56854249492382,-56.5685424949238,-80.0,-56.56854249492382,0.0,9.797174393178826e-15,80.0,56.568542494923804,-56.5685424949238,56.568542494923804,TRUE,1,Neg_Pos,easy,0.75,training_study1,Gelukkig,f,G,B
face_expressions/training/30M_AN_C.png,face_expressions/training/21M_HA_C.png,face_expressions/training/01F_HA_O.png,face_expressions/training/01F_HA_C.png,face_expressions/training/10F_HA_C.png,face_expressions/training/10F_HA_O.png,face_expressions/training/11F_HA_O.png,face_expressions/training/38M_HA_C.png,80.0,56.56854249492379,4.898587196589413e-15,56.568542494923804,-80.0,-1.4695761589768237e-14,-56.56854249492382,-56.5685424949238,0.0,-56.56854249492382,80.0,56.568542494923804,9.797174393178826e-15,-80.0,-56.5685424949238,56.568542494923804,TRUE,1,Neg_Pos,easy,0.75,training_study1,Gelukkig,f,G,B
face_expressions/training/38M_AN_C.png,face_expressions/training/17F_HA_C.png,face_expressions/training/42M_HA_O.png,face_expressions/training/38M_HA_C.png,face_expressions/training/42M_HA_C.png,face_expressions/training/17F_HA_O.png,face_expressions/training/01F_HA_C.png,face_expressions/training/10F_HA_C.png,80.0,4.898587196589413e-15,-80.0,-56.5685424949238,-56.56854249492382,56.568542494923804,-1.4695761589768237e-14,56.56854249492379,0.0,80.0,9.797174393178826e-15,56.568542494923804,-56.5685424949238,56.568542494923804,-80.0,-56.56854249492382,TRUE,1,Neg_Pos,easy,0.75,training_study1,Gelukkig,f,G,B
face_expressions/training/38M_AN_C.png,face_expressions/training/11F_HA_O.png,face_expressions/training/01F_HA_O.png,face_expressions/training/30M_HA_O.png,face_expressions/training/01F_HA_C.png,face_expressions/training/21M_HA_C.png,face_expressions/training/38M_HA_O.png,face_expressions/training/40M_HA_C.png,4.898587196589413e-15,80.0,-80.0,-56.56854249492382,56.56854249492379,-56.5685424949238,-1.4695761589768237e-14,56.568542494923804,80.0,0.0,9.797174393178826e-15,-56.5685424949238,-56.56854249492382,56.568542494923804,-80.0,56.568542494923804,TRUE,1,Neg_Pos,easy,0.75,training_study1,Gelukkig,f,G,B
face_expressions/training/42M_AN_O.png,face_expressions/training/01F_HA_C.png,face_expressions/training/42M_HA_O.png,face_expressions/training/40M_HA_C.png,face_expressions/training/21M_HA_C.png,face_expressions/training/01F_HA_O.png,face_expressions/training/10F_HA_C.png,face_expressions/training/38M_HA_C.png,4.898587196589413e-15,-1.4695761589768237e-14,56.56854249492379,80.0,-80.0,-56.56854249492382,56.568542494923804,-56.5685424949238,80.0,-80.0,-56.56854249492382,0.0,9.797174393178826e-15,-56.5685424949238,56.568542494923804,56.568542494923804,TRUE,1,Neg_Pos,easy,0.75,training_study1,Gelukkig,f,G,B
face_expressions/training/17F_AN_C.png,face_expressions/training/11F_HA_C.png,face_expressions/training/21M_HA_C.png,face_expressions/training/01F_HA_O.png,face_expressions/training/40M_HA_O.png,face_expressions/training/21M_HA_O.png,face_expressions/training/30M_HA_C.png,face_expressions/training/30M_HA_O.png,-56.5685424949238,-56.56854249492382,56.56854249492379,4.898587196589413e-15,56.568542494923804,80.0,-80.0,-1.4695761589768237e-14,56.568542494923804,-56.5685424949238,-56.56854249492382,80.0,56.568542494923804,0.0,9.797174393178826e-15,-80.0,TRUE,1,Neg_Pos,easy,0.75,training_study1,Gelukkig,f,G,B
face_expressions/training/11F_AN_O.png,face_expressions/training/01F_HA_O.png,face_expressions/training/10F_HA_O.png,face_expressions/training/17F_HA_O.png,face_expressions/training/21M_HA_O.png,face_expressions/training/38M_HA_C.png,face_expressions/training/40M_HA_O.png,face_expressions/training/42M_HA_O.png,-56.5685424949238,4.898587196589413e-15,-56.56854249492382,-1.4695761589768237e-14,56.568542494923804,80.0,-80.0,56.56854249492379,56.568542494923804,80.0,-56.5685424949238,-80.0,56.568542494923804,0.0,9.797174393178826e-15,-56.56854249492382,TRUE,1,Neg_Pos,easy,0.75,training_study1,Gelukkig,f,G,B
face_expressions/training/30M_AN_C.png,face_expressions/training/10F_HA_C.png,face_expressions/training/10F_HA_O.png,face_expressions/training/42M_HA_O.png,face_expressions/training/30M_HA_O.png,face_expressions/training/42M_HA_C.png,face_expressions/training/11F_HA_C.png,face_expressions/training/01F_HA_C.png,-80.0,80.0,-1.4695761589768237e-14,56.568542494923804,4.898587196589413e-15,56.56854249492379,-56.56854249492382,-56.5685424949238,9.797174393178826e-15,0.0,-80.0,56.568542494923804,80.0,-56.56854249492382,-56.5685424949238,56.568542494923804,TRUE,1,Neg_Pos,easy,0.75,training_study1,Gelukkig,f,G,B
face_expressions/training/42M_AN_O.png,face_expressions/training/38M_AN_C.png,face_expressions/training/38M_AN_O.png,face_expressions/training/01F_HA_O.png,face_expressions/training/42M_HA_C.png,face_expressions/training/17F_HA_O.png,face_expressions/training/21M_HA_C.png,face_expressions/training/01F_HA_C.png,-1.4695761589768237e-14,4.898587196589413e-15,80.0,-56.5685424949238,-56.56854249492382,56.56854249492379,-80.0,56.568542494923804,-80.0,80.0,0.0,56.568542494923804,-56.5685424949238,-56.56854249492382,9.797174393178826e-15,56.568542494923804,TRUE,3,Neg_Pos,hard,0.75,training_study1,Gelukkig,f,G,B
face_expressions/training/01F_AN_c.png,face_expressions/training/40M_AN_O.png,face_expressions/training/21M_AN_C.png,face_expressions/training/01F_HA_C.png,face_expressions/training/10F_HA_O.png,face_expressions/training/21M_HA_C.png,face_expressions/training/40M_HA_C.png,face_expressions/training/21M_HA_O.png,-56.5685424949238,56.56854249492379,-56.56854249492382,-1.4695761589768237e-14,4.898587196589413e-15,-80.0,56.568542494923804,80.0,56.568542494923804,-56.56854249492382,-56.5685424949238,-80.0,80.0,9.797174393178826e-15,56.568542494923804,0.0,TRUE,3,Neg_Pos,hard,0.75,training_study1,Gelukkig,f,G,B
face_expressions/training/30M_AN_O.png,face_expressions/training/11F_AN_O.png,face_expressions/training/21M_AN_O.png,face_expressions/training/30M_HA_C.png,face_expressions/training/40M_HA_O.png,face_expressions/training/17F_HA_C.png,face_expressions/training/17F_HA_O.png,face_expressions/training/10F_HA_C.png,80.0,-56.5685424949238,56.56854249492379,56.568542494923804,-56.56854249492382,-80.0,-1.4695761589768237e-14,4.898587196589413e-15,0.0,56.568542494923804,-56.56854249492382,56.568542494923804,-56.5685424949238,9.797174393178826e-15,-80.0,80.0,TRUE,3,Neg_Pos,hard,0.75,training_study1,Gelukkig,f,G,B
face_expressions/training/17F_AN_O.png,face_expressions/training/10F_AN_C.png,face_expressions/training/38M_AN_C.png,face_expressions/training/10F_HA_C.png,face_expressions/training/17F_HA_C.png,face_expressions/training/01F_HA_O.png,face_expressions/training/11F_HA_C.png,face_expressions/training/38M_HA_C.png,-56.5685424949238,56.568542494923804,56.56854249492379,80.0,-80.0,-1.4695761589768237e-14,4.898587196589413e-15,-56.56854249492382,56.568542494923804,56.568542494923804,-56.56854249492382,0.0,9.797174393178826e-15,-80.0,80.0,-56.5685424949238,TRUE,3,Neg_Pos,hard,0.75,training_study1,Gelukkig,f,G,B
face_expressions/training/17F_AN_O.png,face_expressions/training/11F_AN_C.png,face_expressions/training/30M_AN_C.png,face_expressions/training/21M_HA_O.png,face_expressions/training/42M_HA_O.png,face_expressions/training/11F_HA_O.png,face_expressions/training/17F_HA_O.png,face_expressions/training/40M_HA_O.png,-56.5685424949238,56.56854249492379,-1.4695761589768237e-14,4.898587196589413e-15,80.0,56.568542494923804,-80.0,-56.56854249492382,56.568542494923804,-56.56854249492382,-80.0,80.0,0.0,56.568542494923804,9.797174393178826e-15,-56.5685424949238,TRUE,3,Neg_Pos,hard,0.75,training_study1,Gelukkig,f,G,B
face_expressions/training/21M_AN_O.png,face_expressions/training/30M_AN_C.png,face_expressions/training/01F_AN_O.png,face_expressions/training/11F_HA_C.png,face_expressions/training/42M_HA_C.png,face_expressions/training/40M_HA_C.png,face_expressions/training/40M_HA_O.png,face_expressions/training/42M_HA_O.png,-1.4695761589768237e-14,56.56854249492379,-80.0,4.898587196589413e-15,-56.5685424949238,56.568542494923804,-56.56854249492382,80.0,-80.0,-56.56854249492382,9.797174393178826e-15,80.0,56.568542494923804,56.568542494923804,-56.5685424949238,0.0,TRUE,3,Neg_Pos,hard,0.75,training_study1,Gelukkig,f,G,B
face_expressions/training/30M_AN_O.png,face_expressions/training/38M_AN_O.png,face_expressions/training/38M_AN_C.png,face_expressions/training/21M_HA_O.png,face_expressions/training/30M_HA_C.png,face_expressions/training/01F_HA_C.png,face_expressions/training/30M_HA_O.png,face_expressions/training/38M_HA_C.png,-56.5685424949238,-1.4695761589768237e-14,80.0,-56.56854249492382,56.56854249492379,4.898587196589413e-15,56.568542494923804,-80.0,56.568542494923804,-80.0,0.0,-56.5685424949238,-56.56854249492382,80.0,56.568542494923804,9.797174393178826e-15,TRUE,3,Neg_Pos,hard,0.75,training_study1,Gelukkig,f,G,B
face_expressions/training/40M_AN_O.png,face_expressions/training/30M_AN_O.png,face_expressions/training/11F_AN_C.png,face_expressions/training/38M_HA_O.png,face_expressions/training/40M_HA_O.png,face_expressions/training/10F_HA_O.png,face_expressions/training/17F_HA_C.png,face_expressions/training/17F_HA_O.png,56.568542494923804,-1.4695761589768237e-14,-80.0,-56.56854249492382,-56.5685424949238,56.56854249492379,80.0,4.898587196589413e-15,56.568542494923804,-80.0,9.797174393178826e-15,-56.5685424949238,56.568542494923804,-56.56854249492382,0.0,80.0,TRUE,3,Neg_Pos,hard,0.75,training_study1,Gelukkig,f,G,B
face_expressions/training/38M_AN_O.png,face_expressions/training/17F_AN_O.png,face_expressions/training/30M_AN_C.png,face_expressions/training/40M_HA_O.png,face_expressions/training/17F_HA_O.png,face_expressions/training/10F_HA_O.png,face_expressions/training/21M_HA_O.png,face_expressions/training/17F_HA_C.png,-80.0,-56.56854249492382,-56.5685424949238,56.56854249492379,80.0,4.898587196589413e-15,56.568542494923804,-1.4695761589768237e-14,9.797174393178826e-15,-56.5685424949238,56.568542494923804,-56.56854249492382,0.0,80.0,56.568542494923804,-80.0,TRUE,3,Neg_Pos,hard,0.75,training_study1,Gelukkig,f,G,B
face_expressions/training/01F_AN_O.png,face_expressions/training/01F_AN_c.png,face_expressions/training/38M_AN_C.png,face_expressions/training/11F_HA_C.png,face_expressions/training/38M_HA_O.png,face_expressions/training/30M_HA_O.png,face_expressions/training/30M_HA_C.png,face_expressions/training/17F_HA_C.png,56.568542494923804,4.898587196589413e-15,-1.4695761589768237e-14,-80.0,-56.56854249492382,56.56854249492379,80.0,-56.5685424949238,56.568542494923804,80.0,-80.0,9.797174393178826e-15,-56.5685424949238,-56.56854249492382,0.0,56.568542494923804,TRUE,3,Neg_Pos,hard,0.75,training_study1,Gelukkig,f,G,B
face_expressions/training/01F_AN_c.png,face_expressions/training/21M_AN_C.png,face_expressions/training/40M_AN_C.png,face_expressions/training/17F_AN_C.png,face_expressions/training/10F_AN_O.png,face_expressions/training/42M_HA_C.png,face_expressions/training/17F_HA_O.png,face_expressions/training/38M_HA_C.png,-80.0,56.568542494923804,-1.4695761589768237e-14,80.0,56.56854249492379,-56.5685424949238,4.898587196589413e-15,-56.56854249492382,9.797174393178826e-15,56.568542494923804,-80.0,0.0,-56.56854249492382,56.568542494923804,80.0,-56.5685424949238,TRUE,5,Neg_Pos,hard,0.75,training_study1,Boos,j,G,B
face_expressions/training/38M_AN_C.png,face_expressions/training/38M_AN_O.png,face_expressions/training/01F_AN_O.png,face_expressions/training/21M_AN_O.png,face_expressions/training/10F_AN_O.png,face_expressions/training/40M_HA_C.png,face_expressions/training/30M_HA_O.png,face_expressions/training/38M_HA_C.png,56.568542494923804,80.0,56.56854249492379,-1.4695761589768237e-14,-80.0,-56.5685424949238,4.898587196589413e-15,-56.56854249492382,56.568542494923804,0.0,-56.56854249492382,-80.0,9.797174393178826e-15,56.568542494923804,80.0,-56.5685424949238,TRUE,5,Neg_Pos,hard,0.75,training_study1,Boos,j,G,B
face_expressions/training/21M_AN_C.png,face_expressions/training/40M_AN_C.png,face_expressions/training/17F_AN_O.png,face_expressions/training/10F_AN_O.png,face_expressions/training/01F_AN_c.png,face_expressions/training/38M_HA_O.png,face_expressions/training/40M_HA_O.png,face_expressions/training/11F_HA_C.png,-56.56854249492382,-80.0,56.568542494923804,-56.5685424949238,56.56854249492379,4.898587196589413e-15,80.0,-1.4695761589768237e-14,-56.5685424949238,9.797174393178826e-15,56.568542494923804,56.568542494923804,-56.56854249492382,80.0,0.0,-80.0,TRUE,5,Neg_Pos,hard,0.75,training_study1,Boos,j,G,B
face_expressions/training/21M_AN_O.png,face_expressions/training/42M_AN_O.png,face_expressions/training/17F_AN_C.png,face_expressions/training/11F_AN_O.png,face_expressions/training/10F_AN_O.png,face_expressions/training/42M_HA_C.png,face_expressions/training/01F_HA_O.png,face_expressions/training/30M_HA_O.png,56.568542494923804,56.56854249492379,-56.5685424949238,-1.4695761589768237e-14,-80.0,80.0,-56.56854249492382,4.898587196589413e-15,56.568542494923804,-56.56854249492382,56.568542494923804,-80.0,9.797174393178826e-15,0.0,-56.5685424949238,80.0,TRUE,5,Neg_Pos,hard,0.75,training_study1,Boos,j,G,B
face_expressions/training/01F_AN_c.png,face_expressions/training/17F_AN_C.png,face_expressions/training/01F_AN_O.png,face_expressions/training/10F_AN_O.png,face_expressions/training/42M_AN_O.png,face_expressions/training/10F_HA_C.png,face_expressions/training/17F_HA_O.png,face_expressions/training/17F_HA_C.png,80.0,4.898587196589413e-15,56.56854249492379,-1.4695761589768237e-14,-56.5685424949238,-80.0,-56.56854249492382,56.568542494923804,0.0,80.0,-56.56854249492382,-80.0,56.568542494923804,9.797174393178826e-15,-56.5685424949238,56.568542494923804,TRUE,5,Neg_Pos,hard,0.75,training_study1,Boos,j,G,B
face_expressions/training/21M_AN_O.png,face_expressions/training/10F_AN_C.png,face_expressions/training/01F_AN_c.png,face_expressions/training/42M_AN_O.png,face_expressions/training/30M_AN_C.png,face_expressions/training/01F_HA_C.png,face_expressions/training/17F_HA_O.png,face_expressions/training/21M_HA_O.png,56.56854249492379,-56.56854249492382,56.568542494923804,-56.5685424949238,-1.4695761589768237e-14,4.898587196589413e-15,-80.0,80.0,-56.56854249492382,-56.5685424949238,56.568542494923804,56.568542494923804,-80.0,80.0,9.797174393178826e-15,0.0,TRUE,5,Neg_Pos,hard,0.75,training_study1,Boos,j,G,B
face_expressions/training/21M_AN_O.png,face_expressions/training/30M_AN_O.png,face_expressions/training/30M_AN_C.png,face_expressions/training/38M_AN_C.png,face_expressions/training/40M_AN_O.png,face_expressions/training/38M_HA_O.png,face_expressions/training/21M_HA_C.png,face_expressions/training/30M_HA_C.png,56.56854249492379,-56.5685424949238,-56.56854249492382,80.0,-1.4695761589768237e-14,56.568542494923804,4.898587196589413e-15,-80.0,-56.56854249492382,56.568542494923804,-56.5685424949238,0.0,-80.0,56.568542494923804,80.0,9.797174393178826e-15,TRUE,5,Neg_Pos,hard,0.75,training_study1,Boos,j,G,B
face_expressions/training/10F_AN_C.png,face_expressions/training/01F_AN_c.png,face_expressions/training/30M_AN_O.png,face_expressions/training/10F_AN_O.png,face_expressions/training/40M_AN_O.png,face_expressions/training/21M_HA_C.png,face_expressions/training/42M_HA_C.png,face_expressions/training/17F_HA_C.png,-56.56854249492382,-80.0,-1.4695761589768237e-14,-56.5685424949238,56.568542494923804,80.0,4.898587196589413e-15,56.56854249492379,-56.5685424949238,9.797174393178826e-15,-80.0,56.568542494923804,56.568542494923804,0.0,80.0,-56.56854249492382,TRUE,5,Neg_Pos,hard,0.75,training_study1,Boos,j,G,B
face_expressions/training/01F_AN_c.png,face_expressions/training/10F_AN_O.png,face_expressions/training/42M_AN_O.png,face_expressions/training/11F_AN_O.png,face_expressions/training/01F_AN_O.png,face_expressions/training/17F_HA_C.png,face_expressions/training/11F_HA_C.png,face_expressions/training/11F_HA_O.png,56.56854249492379,4.898587196589413e-15,-1.4695761589768237e-14,-56.5685424949238,-80.0,80.0,-56.56854249492382,56.568542494923804,-56.56854249492382,80.0,-80.0,56.568542494923804,9.797174393178826e-15,0.0,-56.5685424949238,56.568542494923804,TRUE,5,Neg_Pos,hard,0.75,training_study1,Boos,j,G,B
face_expressions/training/17F_AN_O.png,face_expressions/training/40M_AN_C.png,face_expressions/training/01F_AN_c.png,face_expressions/training/10F_AN_C.png,face_expressions/training/01F_AN_O.png,face_expressions/training/17F_HA_C.png,face_expressions/training/40M_HA_C.png,face_expressions/training/38M_HA_O.png,-80.0,56.568542494923804,80.0,-1.4695761589768237e-14,-56.5685424949238,-56.56854249492382,4.898587196589413e-15,56.56854249492379,9.797174393178826e-15,56.568542494923804,0.0,-80.0,56.568542494923804,-56.5685424949238,80.0,-56.56854249492382,TRUE,5,Neg_Pos,hard,0.75,training_study1,Boos,j,G,B
face_expressions/training/01F_AN_c.png,face_expressions/training/01F_AN_O.png,face_expressions/training/21M_AN_C.png,face_expressions/training/30M_AN_O.png,face_expressions/training/17F_AN_C.png,face_expressions/training/40M_AN_C.png,face_expressions/training/11F_AN_O.png,face_expressions/training/11F_HA_O.png,-80.0,4.898587196589413e-15,56.56854249492379,-1.4695761589768237e-14,80.0,56.568542494923804,-56.5685424949238,-56.56854249492382,9.797174393178826e-15,80.0,-56.56854249492382,-80.0,0.0,56.568542494923804,56.568542494923804,-56.5685424949238,TRUE,7,Neg_Pos,easy,0.75,training_study1,Boos,j,G,B
face_expressions/training/40M_AN_C.png,face_expressions/training/01F_AN_c.png,face_expressions/training/17F_AN_C.png,face_expressions/training/30M_AN_O.png,face_expressions/training/38M_AN_C.png,face_expressions/training/21M_AN_C.png,face_expressions/training/21M_AN_O.png,face_expressions/training/01F_HA_C.png,-80.0,80.0,4.898587196589413e-15,-56.56854249492382,56.568542494923804,-56.5685424949238,-1.4695761589768237e-14,56.56854249492379,9.797174393178826e-15,0.0,80.0,-56.5685424949238,56.568542494923804,56.568542494923804,-80.0,-56.56854249492382,TRUE,7,Neg_Pos,easy,0.75,training_study1,Boos,j,G,B
face_expressions/training/17F_AN_C.png,face_expressions/training/10F_AN_O.png,face_expressions/training/01F_AN_O.png,face_expressions/training/40M_AN_C.png,face_expressions/training/30M_AN_C.png,face_expressions/training/01F_AN_c.png,face_expressions/training/11F_AN_C.png,face_expressions/training/40M_HA_O.png,-56.56854249492382,4.898587196589413e-15,56.568542494923804,-80.0,80.0,-1.4695761589768237e-14,56.56854249492379,-56.5685424949238,-56.5685424949238,80.0,56.568542494923804,9.797174393178826e-15,0.0,-80.0,-56.56854249492382,56.568542494923804,TRUE,7,Neg_Pos,easy,0.75,training_study1,Boos,j,G,B
face_expressions/training/21M_AN_O.png,face_expressions/training/10F_AN_C.png,face_expressions/training/40M_AN_C.png,face_expressions/training/38M_AN_O.png,face_expressions/training/11F_AN_O.png,face_expressions/training/17F_AN_O.png,face_expressions/training/01F_AN_c.png,face_expressions/training/40M_HA_C.png,80.0,-56.56854249492382,56.568542494923804,4.898587196589413e-15,-80.0,-1.4695761589768237e-14,56.56854249492379,-56.5685424949238,0.0,-56.5685424949238,56.568542494923804,80.0,9.797174393178826e-15,-80.0,-56.56854249492382,56.568542494923804,TRUE,7,Neg_Pos,easy,0.75,training_study1,Boos,j,G,B
face_expressions/training/21M_AN_O.png,face_expressions/training/30M_AN_C.png,face_expressions/training/01F_AN_O.png,face_expressions/training/30M_AN_O.png,face_expressions/training/38M_AN_C.png,face_expressions/training/11F_AN_C.png,face_expressions/training/21M_AN_C.png,face_expressions/training/17F_HA_C.png,-1.4695761589768237e-14,-56.5685424949238,-56.56854249492382,56.56854249492379,-80.0,80.0,56.568542494923804,4.898587196589413e-15,-80.0,56.568542494923804,-56.5685424949238,-56.56854249492382,9.797174393178826e-15,0.0,56.568542494923804,80.0,TRUE,7,Neg_Pos,easy,0.75,training_study1,Boos,j,G,B
face_expressions/training/21M_AN_C.png,face_expressions/training/21M_AN_O.png,face_expressions/training/01F_AN_c.png,face_expressions/training/30M_AN_O.png,face_expressions/training/38M_AN_C.png,face_expressions/training/10F_AN_O.png,face_expressions/training/42M_AN_O.png,face_expressions/training/10F_HA_O.png,-56.56854249492382,80.0,4.898587196589413e-15,-56.5685424949238,56.568542494923804,-1.4695761589768237e-14,56.56854249492379,-80.0,-56.5685424949238,0.0,80.0,56.568542494923804,56.568542494923804,-80.0,-56.56854249492382,9.797174393178826e-15,TRUE,7,Neg_Pos,easy,0.75,training_study1,Boos,j,G,B
face_expressions/training/10F_AN_O.png,face_expressions/training/10F_AN_C.png,face_expressions/training/40M_AN_C.png,face_expressions/training/38M_AN_O.png,face_expressions/training/01F_AN_O.png,face_expressions/training/30M_AN_O.png,face_expressions/training/30M_AN_C.png,face_expressions/training/21M_HA_C.png,56.568542494923804,56.56854249492379,-1.4695761589768237e-14,-56.56854249492382,80.0,-56.5685424949238,4.898587196589413e-15,-80.0,56.568542494923804,-56.56854249492382,-80.0,-56.5685424949238,0.0,56.568542494923804,80.0,9.797174393178826e-15,TRUE,7,Neg_Pos,easy,0.75,training_study1,Boos,j,G,B
face_expressions/training/10F_AN_O.png,face_expressions/training/10F_AN_C.png,face_expressions/training/42M_AN_O.png,face_expressions/training/01F_AN_O.png,face_expressions/training/11F_AN_O.png,face_expressions/training/30M_AN_O.png,face_expressions/training/40M_AN_C.png,face_expressions/training/10F_HA_O.png,-80.0,80.0,4.898587196589413e-15,-56.5685424949238,-56.56854249492382,56.568542494923804,-1.4695761589768237e-14,56.56854249492379,9.797174393178826e-15,0.0,80.0,56.568542494923804,-56.5685424949238,56.568542494923804,-80.0,-56.56854249492382,TRUE,7,Neg_Pos,easy,0.75,training_study1,Boos,j,G,B
face_expressions/training/10F_AN_C.png,face_expressions/training/17F_AN_C.png,face_expressions/training/01F_AN_O.png,face_expressions/training/01F_AN_c.png,face_expressions/training/38M_AN_O.png,face_expressions/training/11F_AN_C.png,face_expressions/training/17F_AN_O.png,face_expressions/training/38M_HA_C.png,-80.0,80.0,-56.56854249492382,4.898587196589413e-15,56.568542494923804,-56.5685424949238,-1.4695761589768237e-14,56.56854249492379,9.797174393178826e-15,0.0,-56.5685424949238,80.0,56.568542494923804,56.568542494923804,-80.0,-56.56854249492382,TRUE,7,Neg_Pos,easy,0.75,training_study1,Boos,j,G,B
face_expressions/training/17F_AN_C.png,face_expressions/training/11F_AN_C.png,face_expressions/training/01F_AN_c.png,face_expressions/training/42M_AN_O.png,face_expressions/training/17F_AN_O.png,face_expressions/training/38M_AN_O.png,face_expressions/training/21M_AN_C.png,face_expressions/training/30M_HA_O.png,80.0,-1.4695761589768237e-14,-56.5685424949238,-80.0,-56.56854249492382,56.56854249492379,56.568542494923804,4.898587196589413e-15,0.0,-80.0,56.568542494923804,9.797174393178826e-15,-56.5685424949238,-56.56854249492382,56.568542494923804,80.0,TRUE,7,Neg_Pos,easy,0.75,training_study1,Boos,j,G,B
