IMG1,IMG2,IMG3,IMG4,IMG5,IMG6,IMG7,IMG8,X1,X2,X3,X4,X5,X6,X7,X8,Y1,Y2,Y3,Y4,Y5,Y6,Y7,Y8,StartExp,aff,Cond,difficulty,time,study,overbalance,CorResp,cue_left,cue_right
face_expressions/training/30M_HA_C.png,face_expressions/training/10F_NE_O.png,face_expressions/training/30M_NE_C.png,face_expressions/training/42M_NE_O.png,face_expressions/training/17F_NE_C.png,face_expressions/training/21M_NE_C.png,face_expressions/training/40M_NE_C.png,face_expressions/training/17F_NE_O.png,-56.56854249492382,-80.0,-1.4695761589768237e-14,80.0,56.568542494923804,4.898587196589413e-15,-56.5685424949238,56.56854249492379,-56.5685424949238,9.797174393178826e-15,-80.0,0.0,56.568542494923804,80.0,56.568542494923804,-56.56854249492382,FALSE,1,Neu_Pos,easy,5.0,training_study1,Neutraal,f,N,G
face_expressions/training/11F_HA_O.png,face_expressions/training/40M_HA_C.png,face_expressions/training/21M_HA_C.png,face_expressions/training/17F_NE_C.png,face_expressions/training/10F_NE_O.png,face_expressions/training/01F_NE_O.png,face_expressions/training/21M_NE_C.png,face_expressions/training/42M_NE_C.png,80.0,-80.0,-56.5685424949238,-56.56854249492382,56.568542494923804,56.56854249492379,-1.4695761589768237e-14,4.898587196589413e-15,0.0,9.797174393178826e-15,56.568542494923804,-56.5685424949238,56.568542494923804,-56.56854249492382,-80.0,80.0,FALSE,3,Neu_Pos,hard,5.0,training_study1,Neutraal,f,N,G
face_expressions/training/11F_HA_C.png,face_expressions/training/01F_HA_O.png,face_expressions/training/10F_HA_O.png,face_expressions/training/10F_HA_C.png,face_expressions/training/38M_HA_O.png,face_expressions/training/38M_NE_C.png,face_expressions/training/17F_NE_C.png,face_expressions/training/21M_NE_O.png,-1.4695761589768237e-14,4.898587196589413e-15,-56.56854249492382,-56.5685424949238,-80.0,80.0,56.568542494923804,56.56854249492379,-80.0,80.0,-56.5685424949238,56.568542494923804,9.797174393178826e-15,0.0,56.568542494923804,-56.56854249492382,FALSE,5,Neu_Pos,hard,5.0,training_study1,Gelukkig,j,N,G
face_expressions/training/21M_HA_O.png,face_expressions/training/21M_HA_C.png,face_expressions/training/10F_HA_O.png,face_expressions/training/10F_HA_C.png,face_expressions/training/30M_HA_O.png,face_expressions/training/11F_HA_C.png,face_expressions/training/01F_HA_O.png,face_expressions/training/21M_NE_C.png,80.0,-56.5685424949238,56.56854249492379,-80.0,-56.56854249492382,56.568542494923804,4.898587196589413e-15,-1.4695761589768237e-14,0.0,56.568542494923804,-56.56854249492382,9.797174393178826e-15,-56.5685424949238,56.568542494923804,80.0,-80.0,FALSE,7,Neu_Pos,easy,5.0,training_study1,Gelukkig,j,N,G
face_expressions/training/10F_HA_O.png,face_expressions/training/10F_NE_O.png,face_expressions/training/38M_NE_O.png,face_expressions/training/30M_NE_O.png,face_expressions/training/42M_NE_C.png,face_expressions/training/11F_NE_C.png,face_expressions/training/10F_NE_C.png,face_expressions/training/21M_NE_C.png,56.568542494923804,-1.4695761589768237e-14,4.898587196589413e-15,-80.0,80.0,-56.5685424949238,-56.56854249492382,56.56854249492379,56.568542494923804,-80.0,80.0,9.797174393178826e-15,0.0,56.568542494923804,-56.5685424949238,-56.56854249492382,FALSE,1,Neu_Pos,easy,3.0,training_study1,Neutraal,f,N,G
face_expressions/training/01F_HA_C.png,face_expressions/training/30M_HA_C.png,face_expressions/training/30M_HA_O.png,face_expressions/training/42M_NE_O.png,face_expressions/training/11F_NE_C.png,face_expressions/training/21M_NE_C.png,face_expressions/training/11F_NE_O.png,face_expressions/training/42M_NE_C.png,-56.56854249492382,-56.5685424949238,4.898587196589413e-15,56.56854249492379,80.0,-80.0,56.568542494923804,-1.4695761589768237e-14,-56.5685424949238,56.568542494923804,80.0,-56.56854249492382,0.0,9.797174393178826e-15,56.568542494923804,-80.0,FALSE,3,Neu_Pos,hard,3.0,training_study1,Neutraal,f,N,G
face_expressions/training/42M_HA_C.png,face_expressions/training/11F_HA_C.png,face_expressions/training/30M_HA_O.png,face_expressions/training/10F_HA_O.png,face_expressions/training/40M_HA_C.png,face_expressions/training/21M_NE_C.png,face_expressions/training/42M_NE_C.png,face_expressions/training/17F_NE_C.png,-1.4695761589768237e-14,-56.56854249492382,80.0,-80.0,56.568542494923804,-56.5685424949238,4.898587196589413e-15,56.56854249492379,-80.0,-56.5685424949238,0.0,9.797174393178826e-15,56.568542494923804,56.568542494923804,80.0,-56.56854249492382,FALSE,5,Neu_Pos,hard,3.0,training_study1,Gelukkig,j,N,G
face_expressions/training/10F_HA_C.png,face_expressions/training/11F_HA_O.png,face_expressions/training/40M_HA_O.png,face_expressions/training/11F_HA_C.png,face_expressions/training/42M_HA_C.png,face_expressions/training/17F_HA_C.png,face_expressions/training/21M_HA_C.png,face_expressions/training/21M_NE_O.png,-56.5685424949238,56.56854249492379,56.568542494923804,80.0,4.898587196589413e-15,-80.0,-56.56854249492382,-1.4695761589768237e-14,56.568542494923804,-56.56854249492382,56.568542494923804,0.0,80.0,9.797174393178826e-15,-56.5685424949238,-80.0,FALSE,7,Neu_Pos,easy,3.0,training_study1,Gelukkig,j,N,G
face_expressions/training/21M_HA_O.png,face_expressions/training/30M_NE_C.png,face_expressions/training/30M_NE_O.png,face_expressions/training/01F_NE_O.png,face_expressions/training/10F_NE_C.png,face_expressions/training/42M_NE_C.png,face_expressions/training/21M_NE_O.png,face_expressions/training/38M_NE_O.png,56.568542494923804,-1.4695761589768237e-14,-56.5685424949238,-80.0,80.0,4.898587196589413e-15,-56.56854249492382,56.56854249492379,56.568542494923804,-80.0,56.568542494923804,9.797174393178826e-15,0.0,80.0,-56.5685424949238,-56.56854249492382,FALSE,1,Neu_Pos,easy,0.75,training_study1,Neutraal,f,N,G
face_expressions/training/40M_HA_O.png,face_expressions/training/17F_HA_C.png,face_expressions/training/11F_HA_C.png,face_expressions/training/21M_NE_C.png,face_expressions/training/11F_NE_O.png,face_expressions/training/10F_NE_C.png,face_expressions/training/01F_NE_C.png,face_expressions/training/42M_NE_O.png,-56.56854249492382,80.0,-1.4695761589768237e-14,56.56854249492379,56.568542494923804,-56.5685424949238,4.898587196589413e-15,-80.0,-56.5685424949238,0.0,-80.0,-56.56854249492382,56.568542494923804,56.568542494923804,80.0,9.797174393178826e-15,FALSE,3,Neu_Pos,hard,0.75,training_study1,Neutraal,f,N,G
face_expressions/training/38M_HA_C.png,face_expressions/training/40M_HA_C.png,face_expressions/training/17F_HA_C.png,face_expressions/training/01F_HA_O.png,face_expressions/training/10F_HA_C.png,face_expressions/training/11F_NE_C.png,face_expressions/training/40M_NE_C.png,face_expressions/training/10F_NE_C.png,-1.4695761589768237e-14,-56.5685424949238,80.0,56.56854249492379,-80.0,56.568542494923804,4.898587196589413e-15,-56.56854249492382,-80.0,56.568542494923804,0.0,-56.56854249492382,9.797174393178826e-15,56.568542494923804,80.0,-56.5685424949238,FALSE,5,Neu_Pos,hard,0.75,training_study1,Gelukkig,j,N,G
face_expressions/training/10F_HA_C.png,face_expressions/training/21M_HA_O.png,face_expressions/training/38M_HA_C.png,face_expressions/training/30M_HA_C.png,face_expressions/training/17F_HA_O.png,face_expressions/training/38M_HA_O.png,face_expressions/training/42M_HA_C.png,face_expressions/training/01F_NE_C.png,-80.0,-56.56854249492382,-56.5685424949238,80.0,4.898587196589413e-15,-1.4695761589768237e-14,56.56854249492379,56.568542494923804,9.797174393178826e-15,-56.5685424949238,56.568542494923804,0.0,80.0,-80.0,-56.56854249492382,56.568542494923804,FALSE,7,Neu_Pos,easy,0.75,training_study1,Gelukkig,j,N,G
face_expressions/training/17F_HA_O.png,face_expressions/training/01F_NE_C.png,face_expressions/training/10F_NE_C.png,face_expressions/training/11F_NE_C.png,face_expressions/training/21M_NE_C.png,face_expressions/training/42M_NE_O.png,face_expressions/training/10F_NE_O.png,face_expressions/training/42M_NE_C.png,-56.56854249492382,56.56854249492379,4.898587196589413e-15,56.568542494923804,-56.5685424949238,-1.4695761589768237e-14,-80.0,80.0,-56.5685424949238,-56.56854249492382,80.0,56.568542494923804,56.568542494923804,-80.0,9.797174393178826e-15,0.0,FALSE,1,Neu_Pos,easy,0.75,training_study1,Neutraal,f,N,G
face_expressions/training/30M_HA_C.png,face_expressions/training/30M_HA_O.png,face_expressions/training/38M_HA_C.png,face_expressions/training/38M_NE_O.png,face_expressions/training/01F_NE_C.png,face_expressions/training/30M_NE_O.png,face_expressions/training/42M_NE_O.png,face_expressions/training/30M_NE_C.png,4.898587196589413e-15,56.56854249492379,-56.56854249492382,-1.4695761589768237e-14,80.0,-80.0,56.568542494923804,-56.5685424949238,80.0,-56.56854249492382,-56.5685424949238,-80.0,0.0,9.797174393178826e-15,56.568542494923804,56.568542494923804,FALSE,3,Neu_Pos,hard,0.75,training_study1,Neutraal,f,N,G
face_expressions/training/40M_HA_C.png,face_expressions/training/17F_HA_C.png,face_expressions/training/42M_HA_C.png,face_expressions/training/21M_HA_O.png,face_expressions/training/11F_HA_O.png,face_expressions/training/38M_NE_C.png,face_expressions/training/11F_NE_C.png,face_expressions/training/40M_NE_O.png,4.898587196589413e-15,56.568542494923804,-80.0,-56.5685424949238,-1.4695761589768237e-14,80.0,-56.56854249492382,56.56854249492379,80.0,56.568542494923804,9.797174393178826e-15,56.568542494923804,-80.0,0.0,-56.5685424949238,-56.56854249492382,FALSE,5,Neu_Pos,hard,0.75,training_study1,Gelukkig,j,N,G
face_expressions/training/40M_HA_O.png,face_expressions/training/42M_HA_O.png,face_expressions/training/21M_HA_O.png,face_expressions/training/40M_HA_C.png,face_expressions/training/01F_HA_C.png,face_expressions/training/30M_HA_O.png,face_expressions/training/17F_HA_O.png,face_expressions/training/42M_NE_O.png,-56.56854249492382,56.56854249492379,80.0,4.898587196589413e-15,-1.4695761589768237e-14,-56.5685424949238,56.568542494923804,-80.0,-56.5685424949238,-56.56854249492382,0.0,80.0,-80.0,56.568542494923804,56.568542494923804,9.797174393178826e-15,FALSE,7,Neu_Pos,easy,0.75,training_study1,Gelukkig,j,N,G
