IMG1,IMG2,IMG3,IMG4,IMG5,IMG6,IMG7,IMG8,X1,X2,X3,X4,X5,X6,X7,X8,Y1,Y2,Y3,Y4,Y5,Y6,Y7,Y8,priming,prime_cond,target_cond,TrialType,time,KeyPress_PT,Plus_x,Plus_y,StartEXP
face_expressions/exp/45M_HA_O.png,face_expressions/exp/12F_HA_C.png,face_expressions/exp/09F_HA_O.png,face_expressions/exp/09F_HA_C.png,face_expressions/exp/03F_HA_O.png,face_expressions/exp/05F_HA_C.png,face_expressions/exp/31M_HA_C.png,face_expressions/exp/36M_HA_O.png,-1.4695761589768237e-14,80.0,56.56854249492379,-80.0,-56.5685424949238,-56.56854249492382,4.898587196589413e-15,56.568542494923804,-80.0,0.0,-56.56854249492382,9.797174393178826e-15,56.568542494923804,-56.5685424949238,80.0,56.568542494923804,IAPS_XTRA/Pos_5950.jpg,POS,POS,FILLER,0.5,j,0.25,0,TRUE
face_expressions/exp/23M_HA_O.png,face_expressions/exp/45M_HA_C.png,face_expressions/exp/26M_HA_C.png,face_expressions/exp/31M_HA_O.png,face_expressions/exp/24M_HA_C.png,face_expressions/exp/06F_HA_C.png,face_expressions/exp/15F_HA_O.png,face_expressions/exp/37M_HA_C.png,56.56854249492379,80.0,-56.5685424949238,56.568542494923804,4.898587196589413e-15,-56.56854249492382,-1.4695761589768237e-14,-80.0,-56.56854249492382,0.0,56.568542494923804,56.568542494923804,80.0,-56.5685424949238,-80.0,9.797174393178826e-15,IAPS_XTRA/Pos_7330.jpg,POS,POS,FILLER,0.5,j,0.25,0,TRUE
face_expressions/exp/12F_HA_C.png,face_expressions/exp/09F_HA_C.png,face_expressions/exp/39M_HA_C.png,face_expressions/exp/05F_HA_O.png,face_expressions/exp/15F_HA_O.png,face_expressions/exp/41M_HA_C.png,face_expressions/exp/20M_HA_O.png,face_expressions/exp/35M_HA_C.png,56.56854249492379,4.898587196589413e-15,-1.4695761589768237e-14,-80.0,80.0,56.568542494923804,-56.5685424949238,-56.56854249492382,-56.56854249492382,80.0,-80.0,9.797174393178826e-15,0.0,56.568542494923804,56.568542494923804,-56.5685424949238,IAPS_XTRA/Neg_9300.jpg,NEG,POS,FILLER,0.5,j,0.25,0,TRUE
face_expressions/exp/36M_HA_C.png,face_expressions/exp/08F_HA_O.png,face_expressions/exp/09F_HA_C.png,face_expressions/exp/03F_HA_O.png,face_expressions/exp/22M_HA_C.png,face_expressions/exp/45M_HA_O.png,face_expressions/exp/29M_HA_C.png,face_expressions/exp/39M_HA_O.png,80.0,-80.0,-56.5685424949238,56.568542494923804,4.898587196589413e-15,-56.56854249492382,56.56854249492379,-1.4695761589768237e-14,0.0,9.797174393178826e-15,56.568542494923804,56.568542494923804,80.0,-56.5685424949238,-56.56854249492382,-80.0,IAPS_XTRA/Neg_9321.jpg,NEG,POS,FILLER,0.5,j,0.25,0,TRUE
face_expressions/exp/22M_AN_C.png,face_expressions/exp/39M_AN_C.png,face_expressions/exp/36M_AN_O.png,face_expressions/exp/16F_AN_O.png,face_expressions/exp/16F_AN_C.png,face_expressions/exp/23M_AN_O.png,face_expressions/exp/18F_AN_O.png,face_expressions/exp/31M_AN_C.png,56.568542494923804,80.0,56.56854249492379,4.898587196589413e-15,-56.56854249492382,-80.0,-56.5685424949238,-1.4695761589768237e-14,56.568542494923804,0.0,-56.56854249492382,80.0,-56.5685424949238,9.797174393178826e-15,56.568542494923804,-80.0,IAPS_XTRA/Pos_7650.jpg,POS,NEG,FILLER,0.5,j,0.25,0,TRUE
face_expressions/exp/05F_AN_O.png,face_expressions/exp/07F_AN_C.png,face_expressions/exp/39M_AN_C.png,face_expressions/exp/36M_AN_O.png,face_expressions/exp/32M_AN_C.png,face_expressions/exp/20M_AN_O.png,face_expressions/exp/34M_AN_C.png,face_expressions/exp/03F_AN_O.png,-56.56854249492382,4.898587196589413e-15,56.568542494923804,-80.0,56.56854249492379,80.0,-56.5685424949238,-1.4695761589768237e-14,-56.5685424949238,80.0,56.568542494923804,9.797174393178826e-15,-56.56854249492382,0.0,56.568542494923804,-80.0,IAPS_XTRA/Pos_8090.jpg,POS,NEG,FILLER,0.5,j,0.25,0,TRUE
face_expressions/exp/08F_AN_O.png,face_expressions/exp/14F_AN_O.png,face_expressions/exp/32M_AN_O.png,face_expressions/exp/45M_AN_C.png,face_expressions/exp/28M_AN_C.png,face_expressions/exp/20M_AN_O.png,face_expressions/exp/37M_AN_C.png,face_expressions/exp/36M_AN_O.png,56.568542494923804,-80.0,80.0,-1.4695761589768237e-14,-56.5685424949238,-56.56854249492382,56.56854249492379,4.898587196589413e-15,56.568542494923804,9.797174393178826e-15,0.0,-80.0,56.568542494923804,-56.5685424949238,-56.56854249492382,80.0,IAPS_XTRA/Neg_9322.jpg,NEG,NEG,FILLER,0.5,j,0.25,0,TRUE
face_expressions/exp/13F_AN_C.png,face_expressions/exp/12F_AN_O.png,face_expressions/exp/19F_AN_O.png,face_expressions/exp/31M_AN_C.png,face_expressions/exp/33M_AN_C.png,face_expressions/exp/36M_AN_O.png,face_expressions/exp/03F_AN_C.png,face_expressions/exp/39M_AN_O.png,-80.0,-56.56854249492382,80.0,-56.5685424949238,56.568542494923804,56.56854249492379,4.898587196589413e-15,-1.4695761589768237e-14,9.797174393178826e-15,-56.5685424949238,0.0,56.568542494923804,56.568542494923804,-56.56854249492382,80.0,-80.0,IAPS_XTRA/Neg_9326.jpg,NEG,NEG,FILLER,0.5,j,0.25,0,TRUE
face_expressions/exp/18F_AN_O.png,face_expressions/exp/28M_AN_O.png,face_expressions/exp/29M_AN_O.png,face_expressions/exp/20M_AN_O.png,face_expressions/exp/06F_AN_O.png,face_expressions/exp/27M_AN_C.png,face_expressions/exp/09F_AN_O.png,face_expressions/exp/41M_AN_O.png,56.568542494923804,-1.4695761589768237e-14,56.56854249492379,-80.0,4.898587196589413e-15,-56.56854249492382,80.0,-56.5685424949238,56.568542494923804,-80.0,-56.56854249492382,9.797174393178826e-15,80.0,-56.5685424949238,0.0,56.568542494923804,IAPS_scrambled_XTRA/scrambled_Neg_9300.jpg,SCR,NEG,FILLER,0.5,j,0.25,0,TRUE
face_expressions/exp/12F_AN_C.png,face_expressions/exp/13F_AN_O.png,face_expressions/exp/14F_AN_O.png,face_expressions/exp/08F_AN_O.png,face_expressions/exp/18F_AN_O.png,face_expressions/exp/32M_AN_O.png,face_expressions/exp/22M_AN_C.png,face_expressions/exp/45M_AN_C.png,-1.4695761589768237e-14,56.568542494923804,56.56854249492379,80.0,-56.5685424949238,-80.0,4.898587196589413e-15,-56.56854249492382,-80.0,56.568542494923804,-56.56854249492382,0.0,56.568542494923804,9.797174393178826e-15,80.0,-56.5685424949238,IAPS_scrambled_XTRA/scrambled_Neg_9321.jpg,SCR,NEG,FILLER,0.5,j,0.25,0,TRUE
face_expressions/exp/27M_HA_O.png,face_expressions/exp/29M_HA_O.png,face_expressions/exp/16F_HA_C.png,face_expressions/exp/34M_HA_C.png,face_expressions/exp/35M_HA_O.png,face_expressions/exp/41M_HA_C.png,face_expressions/exp/39M_HA_O.png,face_expressions/exp/14F_HA_O.png,-56.5685424949238,-56.56854249492382,-80.0,80.0,56.56854249492379,56.568542494923804,-1.4695761589768237e-14,4.898587196589413e-15,56.568542494923804,-56.5685424949238,9.797174393178826e-15,0.0,-56.56854249492382,56.568542494923804,-80.0,80.0,IAPS_scrambled_XTRA/scrambled_Neg_9322.jpg,SCR,POS,FILLER,0.5,j,0.25,0,TRUE
face_expressions/exp/20M_HA_O.png,face_expressions/exp/22M_HA_O.png,face_expressions/exp/26M_HA_C.png,face_expressions/exp/36M_HA_O.png,face_expressions/exp/22M_HA_C.png,face_expressions/exp/34M_HA_O.png,face_expressions/exp/43M_HA_O.png,face_expressions/exp/31M_HA_C.png,-56.56854249492382,56.56854249492379,-80.0,-1.4695761589768237e-14,4.898587196589413e-15,80.0,-56.5685424949238,56.568542494923804,-56.5685424949238,-56.56854249492382,9.797174393178826e-15,-80.0,80.0,0.0,56.568542494923804,56.568542494923804,IAPS_scrambled_XTRA/scrambled_Neg_9326.jpg,SCR,POS,FILLER,0.5,j,0.25,0,TRUE
face_expressions/exp/41M_SP_O.png,face_expressions/exp/02F_SP_O.png,face_expressions/exp/24M_SP_O.png,face_expressions/exp/29M_SP_O.png,face_expressions/exp/26M_SP_O.png,face_expressions/exp/19F_SP_O.png,face_expressions/exp/23M_SP_O.png,face_expressions/exp/22M_SP_O.png,-56.56854249492382,4.898587196589413e-15,-56.5685424949238,56.56854249492379,56.568542494923804,80.0,-80.0,-1.4695761589768237e-14,-56.5685424949238,80.0,56.568542494923804,-56.56854249492382,56.568542494923804,0.0,9.797174393178826e-15,-80.0,IAPS_EXP/Pos_8178.jpg,POS,AMB,EXP,0.5,j,0.25,0,TRUE
face_expressions/exp/45M_SP_O.png,face_expressions/exp/25M_SP_O.png,face_expressions/exp/26M_SP_O.png,face_expressions/exp/31M_SP_O.png,face_expressions/exp/18F_SP_O.png,face_expressions/exp/19F_SP_O.png,face_expressions/exp/15F_SP_O.png,face_expressions/exp/28M_SP_O.png,80.0,56.568542494923804,-56.56854249492382,-56.5685424949238,56.56854249492379,-1.4695761589768237e-14,4.898587196589413e-15,-80.0,0.0,56.568542494923804,-56.5685424949238,56.568542494923804,-56.56854249492382,-80.0,80.0,9.797174393178826e-15,IAPS_EXP/Pos_8179.jpg,POS,AMB,EXP,0.5,j,0.25,0,TRUE
face_expressions/exp/15F_SP_O.png,face_expressions/exp/33M_SP_O.png,face_expressions/exp/35M_SP_O.png,face_expressions/exp/05F_SP_O.png,face_expressions/exp/45M_SP_O.png,face_expressions/exp/02F_SP_O.png,face_expressions/exp/07F_SP_O.png,face_expressions/exp/36M_SP_O.png,-1.4695761589768237e-14,80.0,56.568542494923804,4.898587196589413e-15,56.56854249492379,-56.5685424949238,-56.56854249492382,-80.0,-80.0,0.0,56.568542494923804,80.0,-56.56854249492382,56.568542494923804,-56.5685424949238,9.797174393178826e-15,IAPS_EXP/Pos_8180.jpg,POS,AMB,EXP,0.5,j,0.25,0,TRUE
face_expressions/exp/39M_SP_O.png,face_expressions/exp/27M_SP_O.png,face_expressions/exp/08F_SP_O.png,face_expressions/exp/24M_SP_O.png,face_expressions/exp/20M_SP_O.png,face_expressions/exp/43M_SP_O.png,face_expressions/exp/31M_SP_O.png,face_expressions/exp/26M_SP_O.png,4.898587196589413e-15,56.56854249492379,-56.5685424949238,56.568542494923804,-80.0,80.0,-1.4695761589768237e-14,-56.56854249492382,80.0,-56.56854249492382,56.568542494923804,56.568542494923804,9.797174393178826e-15,0.0,-80.0,-56.5685424949238,IAPS_EXP/Pos_8185.jpg,POS,AMB,EXP,0.5,j,0.25,0,TRUE
face_expressions/exp/26M_SP_O.png,face_expressions/exp/14F_SP_O.png,face_expressions/exp/19F_SP_O.png,face_expressions/exp/23M_SP_O.png,face_expressions/exp/18F_SP_O.png,face_expressions/exp/15F_SP_O.png,face_expressions/exp/29M_SP_O.png,face_expressions/exp/45M_SP_O.png,56.56854249492379,-1.4695761589768237e-14,80.0,-56.5685424949238,-56.56854249492382,-80.0,56.568542494923804,4.898587196589413e-15,-56.56854249492382,-80.0,0.0,56.568542494923804,-56.5685424949238,9.797174393178826e-15,56.568542494923804,80.0,IAPS_EXP/Pos_8186.jpg,POS,AMB,EXP,0.5,j,0.25,0,TRUE
face_expressions/exp/32M_SP_O.png,face_expressions/exp/15F_SP_C.png,face_expressions/exp/45M_SP_O.png,face_expressions/exp/03F_SP_O.png,face_expressions/exp/35M_SP_O.png,face_expressions/exp/37M_SP_O.png,face_expressions/exp/07F_SP_O.png,face_expressions/exp/29M_SP_O.png,56.56854249492379,4.898587196589413e-15,56.568542494923804,-56.5685424949238,-56.56854249492382,80.0,-80.0,-1.4695761589768237e-14,-56.56854249492382,80.0,56.568542494923804,56.568542494923804,-56.5685424949238,0.0,9.797174393178826e-15,-80.0,IAPS_EXP/Pos_8190.jpg,POS,AMB,EXP,0.5,j,0.25,0,TRUE
face_expressions/exp/09F_SP_O.png,face_expressions/exp/02F_SP_O.png,face_expressions/exp/19F_SP_O.png,face_expressions/exp/18F_SP_O.png,face_expressions/exp/12F_SP_O.png,face_expressions/exp/22M_SP_C.png,face_expressions/exp/23M_SP_O.png,face_expressions/exp/33M_SP_O.png,-1.4695761589768237e-14,56.568542494923804,-56.5685424949238,56.56854249492379,4.898587196589413e-15,-56.56854249492382,-80.0,80.0,-80.0,56.568542494923804,56.568542494923804,-56.56854249492382,80.0,-56.5685424949238,9.797174393178826e-15,0.0,IAPS_EXP/Pos_8200.jpg,POS,AMB,EXP,0.5,j,0.25,0,TRUE
face_expressions/exp/06F_SP_O.png,face_expressions/exp/19F_SP_O.png,face_expressions/exp/31M_SP_O.png,face_expressions/exp/25M_SP_O.png,face_expressions/exp/08F_SP_O.png,face_expressions/exp/32M_SP_O.png,face_expressions/exp/16F_SP_O.png,face_expressions/exp/02F_SP_O.png,-1.4695761589768237e-14,56.568542494923804,80.0,4.898587196589413e-15,-56.5685424949238,-56.56854249492382,-80.0,56.56854249492379,-80.0,56.568542494923804,0.0,80.0,56.568542494923804,-56.5685424949238,9.797174393178826e-15,-56.56854249492382,IAPS_EXP/Pos_8210.jpg,POS,AMB,EXP,0.5,j,0.25,0,TRUE
face_expressions/exp/36M_SP_O.png,face_expressions/exp/08F_SP_O.png,face_expressions/exp/25M_SP_O.png,face_expressions/exp/15F_SP_O.png,face_expressions/exp/15F_SP_C.png,face_expressions/exp/26M_SP_O.png,face_expressions/exp/13F_SP_O.png,face_expressions/exp/41M_SP_O.png,-80.0,-56.56854249492382,56.568542494923804,-1.4695761589768237e-14,-56.5685424949238,80.0,56.56854249492379,4.898587196589413e-15,9.797174393178826e-15,-56.5685424949238,56.568542494923804,-80.0,56.568542494923804,0.0,-56.56854249492382,80.0,IAPS_EXP/Pos_8300.jpg,POS,AMB,EXP,0.5,j,0.25,0,TRUE
face_expressions/exp/39M_SP_O.png,face_expressions/exp/18F_SP_O.png,face_expressions/exp/03F_SP_O.png,face_expressions/exp/13F_SP_O.png,face_expressions/exp/19F_SP_O.png,face_expressions/exp/20M_SP_O.png,face_expressions/exp/36M_SP_O.png,face_expressions/exp/15F_SP_O.png,56.56854249492379,-56.56854249492382,-1.4695761589768237e-14,-56.5685424949238,80.0,-80.0,4.898587196589413e-15,56.568542494923804,-56.56854249492382,-56.5685424949238,-80.0,56.568542494923804,0.0,9.797174393178826e-15,80.0,56.568542494923804,IAPS_EXP/Pos_8370.jpg,POS,AMB,EXP,0.5,j,0.25,0,TRUE
face_expressions/exp/36M_SP_O.png,face_expressions/exp/23M_SP_O.png,face_expressions/exp/45M_SP_O.png,face_expressions/exp/32M_SP_O.png,face_expressions/exp/06F_SP_O.png,face_expressions/exp/29M_SP_O.png,face_expressions/exp/16F_SP_O.png,face_expressions/exp/22M_SP_O.png,-80.0,4.898587196589413e-15,80.0,-1.4695761589768237e-14,-56.5685424949238,-56.56854249492382,56.56854249492379,56.568542494923804,9.797174393178826e-15,80.0,0.0,-80.0,56.568542494923804,-56.5685424949238,-56.56854249492382,56.568542494923804,IAPS_EXP/Pos_8380.jpg,POS,AMB,EXP,0.5,j,0.25,0,TRUE
face_expressions/exp/41M_SP_O.png,face_expressions/exp/20M_SP_O.png,face_expressions/exp/14F_SP_O.png,face_expressions/exp/05F_SP_O.png,face_expressions/exp/43M_SP_O.png,face_expressions/exp/33M_SP_O.png,face_expressions/exp/15F_SP_O.png,face_expressions/exp/22M_SP_O.png,-56.5685424949238,-56.56854249492382,4.898587196589413e-15,-80.0,-1.4695761589768237e-14,56.568542494923804,80.0,56.56854249492379,56.568542494923804,-56.5685424949238,80.0,9.797174393178826e-15,-80.0,56.568542494923804,0.0,-56.56854249492382,IAPS_EXP/Pos_8400.jpg,POS,AMB,EXP,0.5,j,0.25,0,TRUE
face_expressions/exp/02F_SP_O.png,face_expressions/exp/27M_SP_O.png,face_expressions/exp/36M_SP_O.png,face_expressions/exp/13F_SP_O.png,face_expressions/exp/23M_SP_O.png,face_expressions/exp/03F_SP_O.png,face_expressions/exp/19F_SP_O.png,face_expressions/exp/34M_SP_O.png,-56.56854249492382,56.56854249492379,4.898587196589413e-15,-56.5685424949238,56.568542494923804,-80.0,-1.4695761589768237e-14,80.0,-56.5685424949238,-56.56854249492382,80.0,56.568542494923804,56.568542494923804,9.797174393178826e-15,-80.0,0.0,IAPS_EXP/Pos_8420.jpg,POS,AMB,EXP,0.5,j,0.25,0,TRUE
face_expressions/exp/07F_SP_O.png,face_expressions/exp/37M_SP_O.png,face_expressions/exp/16F_SP_O.png,face_expressions/exp/27M_SP_O.png,face_expressions/exp/25M_SP_O.png,face_expressions/exp/35M_SP_O.png,face_expressions/exp/31M_SP_O.png,face_expressions/exp/22M_SP_O.png,56.568542494923804,-56.5685424949238,80.0,4.898587196589413e-15,56.56854249492379,-80.0,-56.56854249492382,-1.4695761589768237e-14,56.568542494923804,56.568542494923804,0.0,80.0,-56.56854249492382,9.797174393178826e-15,-56.5685424949238,-80.0,IAPS_EXP/Pos_8470.jpg,POS,AMB,EXP,0.5,j,0.25,0,TRUE
face_expressions/exp/34M_SP_O.png,face_expressions/exp/25M_SP_O.png,face_expressions/exp/27M_SP_O.png,face_expressions/exp/26M_SP_O.png,face_expressions/exp/35M_SP_O.png,face_expressions/exp/43M_SP_O.png,face_expressions/exp/41M_SP_O.png,face_expressions/exp/24M_SP_O.png,-80.0,-56.56854249492382,80.0,-56.5685424949238,4.898587196589413e-15,56.568542494923804,56.56854249492379,-1.4695761589768237e-14,9.797174393178826e-15,-56.5685424949238,0.0,56.568542494923804,80.0,56.568542494923804,-56.56854249492382,-80.0,IAPS_EXP/Pos_8490.jpg,POS,AMB,EXP,0.5,j,0.25,0,TRUE
face_expressions/exp/23M_SP_O.png,face_expressions/exp/31M_SP_O.png,face_expressions/exp/34M_SP_O.png,face_expressions/exp/45M_SP_O.png,face_expressions/exp/43M_SP_O.png,face_expressions/exp/06F_SP_O.png,face_expressions/exp/22M_SP_C.png,face_expressions/exp/27M_SP_O.png,-56.5685424949238,-56.56854249492382,-80.0,56.568542494923804,56.56854249492379,-1.4695761589768237e-14,80.0,4.898587196589413e-15,56.568542494923804,-56.5685424949238,9.797174393178826e-15,56.568542494923804,-56.56854249492382,-80.0,0.0,80.0,IAPS_EXP/Pos_8492.jpg,POS,AMB,EXP,0.5,j,0.25,0,TRUE
face_expressions/exp/22M_SP_O.png,face_expressions/exp/37M_SP_O.png,face_expressions/exp/15F_SP_C.png,face_expressions/exp/22M_SP_C.png,face_expressions/exp/15F_SP_O.png,face_expressions/exp/43M_SP_O.png,face_expressions/exp/08F_SP_O.png,face_expressions/exp/05F_SP_O.png,4.898587196589413e-15,-1.4695761589768237e-14,-56.5685424949238,56.56854249492379,56.568542494923804,-56.56854249492382,80.0,-80.0,80.0,-80.0,56.568542494923804,-56.56854249492382,56.568542494923804,-56.5685424949238,0.0,9.797174393178826e-15,IAPS_EXP/Pos_8496.jpg,POS,AMB,EXP,0.5,j,0.25,0,TRUE
face_expressions/exp/07F_SP_O.png,face_expressions/exp/16F_SP_O.png,face_expressions/exp/18F_SP_O.png,face_expressions/exp/26M_SP_O.png,face_expressions/exp/03F_SP_O.png,face_expressions/exp/23M_SP_O.png,face_expressions/exp/34M_SP_O.png,face_expressions/exp/45M_SP_O.png,-56.56854249492382,-1.4695761589768237e-14,80.0,-80.0,56.568542494923804,56.56854249492379,4.898587196589413e-15,-56.5685424949238,-56.5685424949238,-80.0,0.0,9.797174393178826e-15,56.568542494923804,-56.56854249492382,80.0,56.568542494923804,IAPS_EXP/Pos_8499.jpg,POS,AMB,EXP,0.5,j,0.25,0,TRUE
face_expressions/exp/32M_SP_O.png,face_expressions/exp/09F_SP_O.png,face_expressions/exp/15F_SP_C.png,face_expressions/exp/12F_SP_O.png,face_expressions/exp/33M_SP_O.png,face_expressions/exp/18F_SP_O.png,face_expressions/exp/25M_SP_O.png,face_expressions/exp/34M_SP_O.png,-56.5685424949238,-80.0,80.0,-1.4695761589768237e-14,-56.56854249492382,56.568542494923804,4.898587196589413e-15,56.56854249492379,56.568542494923804,9.797174393178826e-15,0.0,-80.0,-56.5685424949238,56.568542494923804,80.0,-56.56854249492382,IAPS_EXP/Pos_8501.jpg,POS,AMB,EXP,0.5,j,0.25,0,TRUE
face_expressions/exp/24M_SP_O.png,face_expressions/exp/20M_SP_O.png,face_expressions/exp/15F_SP_C.png,face_expressions/exp/05F_SP_O.png,face_expressions/exp/07F_SP_O.png,face_expressions/exp/34M_SP_O.png,face_expressions/exp/22M_SP_O.png,face_expressions/exp/29M_SP_O.png,-56.5685424949238,56.568542494923804,4.898587196589413e-15,-80.0,-56.56854249492382,-1.4695761589768237e-14,56.56854249492379,80.0,56.568542494923804,56.568542494923804,80.0,9.797174393178826e-15,-56.5685424949238,-80.0,-56.56854249492382,0.0,IAPS_EXP/Pos_8502.jpg,POS,AMB,EXP,0.5,j,0.25,0,TRUE
face_expressions/exp/08F_SP_O.png,face_expressions/exp/39M_SP_O.png,face_expressions/exp/22M_SP_C.png,face_expressions/exp/12F_SP_O.png,face_expressions/exp/18F_SP_O.png,face_expressions/exp/07F_SP_O.png,face_expressions/exp/45M_SP_O.png,face_expressions/exp/23M_SP_O.png,80.0,-56.56854249492382,-1.4695761589768237e-14,-80.0,56.568542494923804,-56.5685424949238,4.898587196589413e-15,56.56854249492379,0.0,-56.5685424949238,-80.0,9.797174393178826e-15,56.568542494923804,56.568542494923804,80.0,-56.56854249492382,IAPS_EXP/Neg_9183.jpg,NEG,AMB,EXP,0.5,j,0.25,0,TRUE
face_expressions/exp/31M_SP_O.png,face_expressions/exp/19F_SP_O.png,face_expressions/exp/24M_SP_O.png,face_expressions/exp/07F_SP_O.png,face_expressions/exp/35M_SP_O.png,face_expressions/exp/13F_SP_O.png,face_expressions/exp/02F_SP_O.png,face_expressions/exp/06F_SP_O.png,-56.5685424949238,56.56854249492379,4.898587196589413e-15,-80.0,-1.4695761589768237e-14,80.0,56.568542494923804,-56.56854249492382,56.568542494923804,-56.56854249492382,80.0,9.797174393178826e-15,-80.0,0.0,56.568542494923804,-56.5685424949238,IAPS_EXP/Neg_9187.jpg,NEG,AMB,EXP,0.5,j,0.25,0,TRUE
face_expressions/exp/22M_SP_O.png,face_expressions/exp/20M_SP_O.png,face_expressions/exp/41M_SP_O.png,face_expressions/exp/03F_SP_O.png,face_expressions/exp/37M_SP_O.png,face_expressions/exp/09F_SP_O.png,face_expressions/exp/28M_SP_O.png,face_expressions/exp/15F_SP_O.png,56.56854249492379,-80.0,4.898587196589413e-15,-56.56854249492382,80.0,-1.4695761589768237e-14,-56.5685424949238,56.568542494923804,-56.56854249492382,9.797174393178826e-15,80.0,-56.5685424949238,0.0,-80.0,56.568542494923804,56.568542494923804,IAPS_EXP/Neg_9250.jpg,NEG,AMB,EXP,0.5,j,0.25,0,TRUE
face_expressions/exp/06F_SP_O.png,face_expressions/exp/33M_SP_O.png,face_expressions/exp/15F_SP_O.png,face_expressions/exp/29M_SP_O.png,face_expressions/exp/37M_SP_O.png,face_expressions/exp/28M_SP_O.png,face_expressions/exp/45M_SP_O.png,face_expressions/exp/34M_SP_O.png,80.0,4.898587196589413e-15,56.568542494923804,-80.0,56.56854249492379,-56.56854249492382,-56.5685424949238,-1.4695761589768237e-14,0.0,80.0,56.568542494923804,9.797174393178826e-15,-56.56854249492382,-56.5685424949238,56.568542494923804,-80.0,IAPS_EXP/Neg_9252.jpg,NEG,AMB,EXP,0.5,j,0.25,0,TRUE
face_expressions/exp/06F_SP_O.png,face_expressions/exp/33M_SP_O.png,face_expressions/exp/28M_SP_O.png,face_expressions/exp/19F_SP_O.png,face_expressions/exp/08F_SP_O.png,face_expressions/exp/24M_SP_O.png,face_expressions/exp/26M_SP_O.png,face_expressions/exp/03F_SP_O.png,56.56854249492379,56.568542494923804,-56.5685424949238,-1.4695761589768237e-14,4.898587196589413e-15,-80.0,-56.56854249492382,80.0,-56.56854249492382,56.568542494923804,56.568542494923804,-80.0,80.0,9.797174393178826e-15,-56.5685424949238,0.0,IAPS_EXP/Neg_9254.jpg,NEG,AMB,EXP,0.5,j,0.25,0,TRUE
face_expressions/exp/25M_SP_O.png,face_expressions/exp/15F_SP_O.png,face_expressions/exp/27M_SP_O.png,face_expressions/exp/03F_SP_O.png,face_expressions/exp/43M_SP_O.png,face_expressions/exp/32M_SP_O.png,face_expressions/exp/28M_SP_O.png,face_expressions/exp/39M_SP_O.png,-56.5685424949238,56.568542494923804,4.898587196589413e-15,56.56854249492379,-1.4695761589768237e-14,80.0,-56.56854249492382,-80.0,56.568542494923804,56.568542494923804,80.0,-56.56854249492382,-80.0,0.0,-56.5685424949238,9.797174393178826e-15,IAPS_EXP/Neg_9325.jpg,NEG,AMB,EXP,0.5,j,0.25,0,TRUE
face_expressions/exp/27M_SP_O.png,face_expressions/exp/22M_SP_O.png,face_expressions/exp/05F_SP_O.png,face_expressions/exp/12F_SP_O.png,face_expressions/exp/36M_SP_O.png,face_expressions/exp/15F_SP_C.png,face_expressions/exp/23M_SP_O.png,face_expressions/exp/26M_SP_O.png,80.0,-1.4695761589768237e-14,-80.0,-56.5685424949238,56.56854249492379,-56.56854249492382,56.568542494923804,4.898587196589413e-15,0.0,-80.0,9.797174393178826e-15,56.568542494923804,-56.56854249492382,-56.5685424949238,56.568542494923804,80.0,IAPS_EXP/Neg_9405.jpg,NEG,AMB,EXP,0.5,j,0.25,0,TRUE
face_expressions/exp/08F_SP_O.png,face_expressions/exp/43M_SP_O.png,face_expressions/exp/22M_SP_O.png,face_expressions/exp/02F_SP_O.png,face_expressions/exp/23M_SP_O.png,face_expressions/exp/45M_SP_O.png,face_expressions/exp/37M_SP_O.png,face_expressions/exp/05F_SP_O.png,56.56854249492379,80.0,56.568542494923804,4.898587196589413e-15,-1.4695761589768237e-14,-56.5685424949238,-56.56854249492382,-80.0,-56.56854249492382,0.0,56.568542494923804,80.0,-80.0,56.568542494923804,-56.5685424949238,9.797174393178826e-15,IAPS_EXP/Neg_9410.jpg,NEG,AMB,EXP,0.5,j,0.25,0,TRUE
face_expressions/exp/15F_SP_C.png,face_expressions/exp/05F_SP_O.png,face_expressions/exp/43M_SP_O.png,face_expressions/exp/24M_SP_O.png,face_expressions/exp/02F_SP_O.png,face_expressions/exp/03F_SP_O.png,face_expressions/exp/16F_SP_O.png,face_expressions/exp/28M_SP_O.png,-80.0,80.0,56.568542494923804,56.56854249492379,-1.4695761589768237e-14,4.898587196589413e-15,-56.5685424949238,-56.56854249492382,9.797174393178826e-15,0.0,56.568542494923804,-56.56854249492382,-80.0,80.0,56.568542494923804,-56.5685424949238,IAPS_EXP/Neg_9412.jpg,NEG,AMB,EXP,0.5,j,0.25,0,TRUE
face_expressions/exp/22M_SP_O.png,face_expressions/exp/28M_SP_O.png,face_expressions/exp/29M_SP_O.png,face_expressions/exp/45M_SP_O.png,face_expressions/exp/19F_SP_O.png,face_expressions/exp/06F_SP_O.png,face_expressions/exp/13F_SP_O.png,face_expressions/exp/03F_SP_O.png,56.568542494923804,-56.5685424949238,-1.4695761589768237e-14,4.898587196589413e-15,56.56854249492379,-80.0,-56.56854249492382,80.0,56.568542494923804,56.568542494923804,-80.0,80.0,-56.56854249492382,9.797174393178826e-15,-56.5685424949238,0.0,IAPS_EXP/Neg_9413.jpg,NEG,AMB,EXP,0.5,j,0.25,0,TRUE
face_expressions/exp/06F_SP_O.png,face_expressions/exp/23M_SP_O.png,face_expressions/exp/03F_SP_O.png,face_expressions/exp/35M_SP_O.png,face_expressions/exp/41M_SP_O.png,face_expressions/exp/09F_SP_O.png,face_expressions/exp/20M_SP_O.png,face_expressions/exp/14F_SP_O.png,56.56854249492379,4.898587196589413e-15,56.568542494923804,-80.0,-56.5685424949238,80.0,-1.4695761589768237e-14,-56.56854249492382,-56.56854249492382,80.0,56.568542494923804,9.797174393178826e-15,56.568542494923804,0.0,-80.0,-56.5685424949238,IAPS_EXP/Neg_9414.jpg,NEG,AMB,EXP,0.5,j,0.25,0,TRUE
face_expressions/exp/16F_SP_O.png,face_expressions/exp/24M_SP_O.png,face_expressions/exp/13F_SP_O.png,face_expressions/exp/35M_SP_O.png,face_expressions/exp/26M_SP_O.png,face_expressions/exp/33M_SP_O.png,face_expressions/exp/15F_SP_C.png,face_expressions/exp/27M_SP_O.png,-56.5685424949238,-56.56854249492382,80.0,56.56854249492379,4.898587196589413e-15,-1.4695761589768237e-14,-80.0,56.568542494923804,56.568542494923804,-56.5685424949238,0.0,-56.56854249492382,80.0,-80.0,9.797174393178826e-15,56.568542494923804,IAPS_EXP/Neg_9433.jpg,NEG,AMB,EXP,0.5,j,0.25,0,TRUE
face_expressions/exp/03F_SP_O.png,face_expressions/exp/28M_SP_O.png,face_expressions/exp/23M_SP_O.png,face_expressions/exp/09F_SP_O.png,face_expressions/exp/18F_SP_O.png,face_expressions/exp/19F_SP_O.png,face_expressions/exp/07F_SP_O.png,face_expressions/exp/22M_SP_O.png,80.0,4.898587196589413e-15,-1.4695761589768237e-14,-56.56854249492382,56.56854249492379,-80.0,-56.5685424949238,56.568542494923804,0.0,80.0,-80.0,-56.5685424949238,-56.56854249492382,9.797174393178826e-15,56.568542494923804,56.568542494923804,IAPS_EXP/Neg_9570.jpg,NEG,AMB,EXP,0.5,j,0.25,0,TRUE
face_expressions/exp/20M_SP_O.png,face_expressions/exp/29M_SP_O.png,face_expressions/exp/22M_SP_C.png,face_expressions/exp/06F_SP_O.png,face_expressions/exp/14F_SP_O.png,face_expressions/exp/23M_SP_O.png,face_expressions/exp/13F_SP_O.png,face_expressions/exp/43M_SP_O.png,56.568542494923804,-1.4695761589768237e-14,56.56854249492379,4.898587196589413e-15,-80.0,-56.56854249492382,80.0,-56.5685424949238,56.568542494923804,-80.0,-56.56854249492382,80.0,9.797174393178826e-15,-56.5685424949238,0.0,56.568542494923804,IAPS_EXP/Neg_9600.jpg,NEG,AMB,EXP,0.5,j,0.25,0,TRUE
face_expressions/exp/32M_SP_O.png,face_expressions/exp/13F_SP_O.png,face_expressions/exp/20M_SP_O.png,face_expressions/exp/19F_SP_O.png,face_expressions/exp/39M_SP_O.png,face_expressions/exp/18F_SP_O.png,face_expressions/exp/34M_SP_O.png,face_expressions/exp/16F_SP_O.png,-56.56854249492382,-56.5685424949238,4.898587196589413e-15,56.568542494923804,-1.4695761589768237e-14,80.0,56.56854249492379,-80.0,-56.5685424949238,56.568542494923804,80.0,56.568542494923804,-80.0,0.0,-56.56854249492382,9.797174393178826e-15,IAPS_EXP/Neg_9800.jpg,NEG,AMB,EXP,0.5,j,0.25,0,TRUE
face_expressions/exp/32M_SP_O.png,face_expressions/exp/39M_SP_O.png,face_expressions/exp/20M_SP_O.png,face_expressions/exp/34M_SP_O.png,face_expressions/exp/18F_SP_O.png,face_expressions/exp/41M_SP_O.png,face_expressions/exp/43M_SP_O.png,face_expressions/exp/07F_SP_O.png,-80.0,-56.56854249492382,-56.5685424949238,4.898587196589413e-15,-1.4695761589768237e-14,56.56854249492379,80.0,56.568542494923804,9.797174393178826e-15,-56.5685424949238,56.568542494923804,80.0,-80.0,-56.56854249492382,0.0,56.568542494923804,IAPS_EXP/Neg_9810.jpg,NEG,AMB,EXP,0.5,j,0.25,0,TRUE
face_expressions/exp/43M_SP_O.png,face_expressions/exp/05F_SP_O.png,face_expressions/exp/23M_SP_O.png,face_expressions/exp/24M_SP_O.png,face_expressions/exp/06F_SP_O.png,face_expressions/exp/29M_SP_O.png,face_expressions/exp/22M_SP_C.png,face_expressions/exp/26M_SP_O.png,4.898587196589413e-15,56.56854249492379,-1.4695761589768237e-14,-56.56854249492382,80.0,-56.5685424949238,56.568542494923804,-80.0,80.0,-56.56854249492382,-80.0,-56.5685424949238,0.0,56.568542494923804,56.568542494923804,9.797174393178826e-15,IAPS_EXP/Neg_9908.jpg,NEG,AMB,EXP,0.5,j,0.25,0,TRUE
face_expressions/exp/22M_SP_O.png,face_expressions/exp/09F_SP_O.png,face_expressions/exp/06F_SP_O.png,face_expressions/exp/18F_SP_O.png,face_expressions/exp/36M_SP_O.png,face_expressions/exp/05F_SP_O.png,face_expressions/exp/41M_SP_O.png,face_expressions/exp/35M_SP_O.png,80.0,-56.56854249492382,-80.0,56.56854249492379,4.898587196589413e-15,56.568542494923804,-1.4695761589768237e-14,-56.5685424949238,0.0,-56.5685424949238,9.797174393178826e-15,-56.56854249492382,80.0,56.568542494923804,-80.0,56.568542494923804,IAPS_EXP/Neg_9910.jpg,NEG,AMB,EXP,0.5,j,0.25,0,TRUE
face_expressions/exp/22M_SP_C.png,face_expressions/exp/43M_SP_O.png,face_expressions/exp/15F_SP_O.png,face_expressions/exp/16F_SP_O.png,face_expressions/exp/31M_SP_O.png,face_expressions/exp/02F_SP_O.png,face_expressions/exp/26M_SP_O.png,face_expressions/exp/23M_SP_O.png,-1.4695761589768237e-14,56.568542494923804,-80.0,56.56854249492379,-56.5685424949238,80.0,-56.56854249492382,4.898587196589413e-15,-80.0,56.568542494923804,9.797174393178826e-15,-56.56854249492382,56.568542494923804,0.0,-56.5685424949238,80.0,IAPS_EXP/Neg_9921.jpg,NEG,AMB,EXP,0.5,j,0.25,0,TRUE
face_expressions/exp/12F_SP_O.png,face_expressions/exp/35M_SP_O.png,face_expressions/exp/15F_SP_O.png,face_expressions/exp/24M_SP_O.png,face_expressions/exp/13F_SP_O.png,face_expressions/exp/03F_SP_O.png,face_expressions/exp/41M_SP_O.png,face_expressions/exp/05F_SP_O.png,56.56854249492379,4.898587196589413e-15,-1.4695761589768237e-14,-80.0,80.0,-56.5685424949238,-56.56854249492382,56.568542494923804,-56.56854249492382,80.0,-80.0,9.797174393178826e-15,0.0,56.568542494923804,-56.5685424949238,56.568542494923804,IAPS_EXP/Neg_9940.jpg,NEG,AMB,EXP,0.5,j,0.25,0,TRUE
face_expressions/exp/09F_SP_O.png,face_expressions/exp/19F_SP_O.png,face_expressions/exp/02F_SP_O.png,face_expressions/exp/36M_SP_O.png,face_expressions/exp/06F_SP_O.png,face_expressions/exp/20M_SP_O.png,face_expressions/exp/33M_SP_O.png,face_expressions/exp/12F_SP_O.png,56.568542494923804,-56.5685424949238,4.898587196589413e-15,-80.0,56.56854249492379,-56.56854249492382,80.0,-1.4695761589768237e-14,56.568542494923804,56.568542494923804,80.0,9.797174393178826e-15,-56.56854249492382,-56.5685424949238,0.0,-80.0,IAPS_scrambled_EXP/scrambled_Neg_9183.jpg,SCR,AMB,EXP,0.5,j,0.25,0,TRUE
face_expressions/exp/12F_SP_O.png,face_expressions/exp/19F_SP_O.png,face_expressions/exp/28M_SP_O.png,face_expressions/exp/14F_SP_O.png,face_expressions/exp/31M_SP_O.png,face_expressions/exp/29M_SP_O.png,face_expressions/exp/18F_SP_O.png,face_expressions/exp/37M_SP_O.png,4.898587196589413e-15,56.568542494923804,-56.56854249492382,80.0,-56.5685424949238,-1.4695761589768237e-14,56.56854249492379,-80.0,80.0,56.568542494923804,-56.5685424949238,0.0,56.568542494923804,-80.0,-56.56854249492382,9.797174393178826e-15,IAPS_scrambled_EXP/scrambled_Neg_9187.jpg,SCR,AMB,EXP,0.5,j,0.25,0,TRUE
face_expressions/exp/35M_SP_O.png,face_expressions/exp/08F_SP_O.png,face_expressions/exp/12F_SP_O.png,face_expressions/exp/34M_SP_O.png,face_expressions/exp/13F_SP_O.png,face_expressions/exp/05F_SP_O.png,face_expressions/exp/28M_SP_O.png,face_expressions/exp/16F_SP_O.png,56.56854249492379,80.0,4.898587196589413e-15,-56.56854249492382,-80.0,-1.4695761589768237e-14,56.568542494923804,-56.5685424949238,-56.56854249492382,0.0,80.0,-56.5685424949238,9.797174393178826e-15,-80.0,56.568542494923804,56.568542494923804,IAPS_scrambled_EXP/scrambled_Neg_9250.jpg,SCR,AMB,EXP,0.5,j,0.25,0,TRUE
face_expressions/exp/06F_SP_O.png,face_expressions/exp/07F_SP_O.png,face_expressions/exp/05F_SP_O.png,face_expressions/exp/32M_SP_O.png,face_expressions/exp/22M_SP_O.png,face_expressions/exp/09F_SP_O.png,face_expressions/exp/27M_SP_O.png,face_expressions/exp/36M_SP_O.png,56.56854249492379,4.898587196589413e-15,80.0,-1.4695761589768237e-14,-80.0,-56.5685424949238,-56.56854249492382,56.568542494923804,-56.56854249492382,80.0,0.0,-80.0,9.797174393178826e-15,56.568542494923804,-56.5685424949238,56.568542494923804,IAPS_scrambled_EXP/scrambled_Neg_9252.jpg,SCR,AMB,EXP,0.5,j,0.25,0,TRUE
face_expressions/exp/22M_SP_O.png,face_expressions/exp/12F_SP_O.png,face_expressions/exp/08F_SP_O.png,face_expressions/exp/45M_SP_O.png,face_expressions/exp/05F_SP_O.png,face_expressions/exp/43M_SP_O.png,face_expressions/exp/18F_SP_O.png,face_expressions/exp/37M_SP_O.png,80.0,-56.5685424949238,-80.0,-1.4695761589768237e-14,56.56854249492379,4.898587196589413e-15,-56.56854249492382,56.568542494923804,0.0,56.568542494923804,9.797174393178826e-15,-80.0,-56.56854249492382,80.0,-56.5685424949238,56.568542494923804,IAPS_scrambled_EXP/scrambled_Neg_9254.jpg,SCR,AMB,EXP,0.5,j,0.25,0,TRUE
face_expressions/exp/09F_SP_O.png,face_expressions/exp/12F_SP_O.png,face_expressions/exp/05F_SP_O.png,face_expressions/exp/39M_SP_O.png,face_expressions/exp/03F_SP_O.png,face_expressions/exp/22M_SP_C.png,face_expressions/exp/28M_SP_O.png,face_expressions/exp/02F_SP_O.png,-1.4695761589768237e-14,56.568542494923804,-56.56854249492382,4.898587196589413e-15,-56.5685424949238,80.0,56.56854249492379,-80.0,-80.0,56.568542494923804,-56.5685424949238,80.0,56.568542494923804,0.0,-56.56854249492382,9.797174393178826e-15,IAPS_scrambled_EXP/scrambled_Neg_9325.jpg,SCR,AMB,EXP,0.5,j,0.25,0,TRUE
face_expressions/exp/22M_SP_O.png,face_expressions/exp/23M_SP_O.png,face_expressions/exp/20M_SP_O.png,face_expressions/exp/25M_SP_O.png,face_expressions/exp/19F_SP_O.png,face_expressions/exp/22M_SP_C.png,face_expressions/exp/14F_SP_O.png,face_expressions/exp/02F_SP_O.png,56.56854249492379,-56.5685424949238,-56.56854249492382,80.0,4.898587196589413e-15,56.568542494923804,-1.4695761589768237e-14,-80.0,-56.56854249492382,56.568542494923804,-56.5685424949238,0.0,80.0,56.568542494923804,-80.0,9.797174393178826e-15,IAPS_scrambled_EXP/scrambled_Neg_9405.jpg,SCR,AMB,EXP,0.5,j,0.25,0,TRUE
face_expressions/exp/03F_SP_O.png,face_expressions/exp/33M_SP_O.png,face_expressions/exp/37M_SP_O.png,face_expressions/exp/22M_SP_O.png,face_expressions/exp/39M_SP_O.png,face_expressions/exp/31M_SP_O.png,face_expressions/exp/23M_SP_O.png,face_expressions/exp/36M_SP_O.png,-56.5685424949238,-56.56854249492382,-80.0,-1.4695761589768237e-14,56.56854249492379,56.568542494923804,4.898587196589413e-15,80.0,56.568542494923804,-56.5685424949238,9.797174393178826e-15,-80.0,-56.56854249492382,56.568542494923804,80.0,0.0,IAPS_scrambled_EXP/scrambled_Neg_9410.jpg,SCR,AMB,EXP,0.5,j,0.25,0,TRUE
face_expressions/exp/39M_SP_O.png,face_expressions/exp/05F_SP_O.png,face_expressions/exp/29M_SP_O.png,face_expressions/exp/18F_SP_O.png,face_expressions/exp/14F_SP_O.png,face_expressions/exp/23M_SP_O.png,face_expressions/exp/07F_SP_O.png,face_expressions/exp/15F_SP_O.png,-56.56854249492382,80.0,56.568542494923804,4.898587196589413e-15,56.56854249492379,-80.0,-56.5685424949238,-1.4695761589768237e-14,-56.5685424949238,0.0,56.568542494923804,80.0,-56.56854249492382,9.797174393178826e-15,56.568542494923804,-80.0,IAPS_scrambled_EXP/scrambled_Neg_9412.jpg,SCR,AMB,EXP,0.5,j,0.25,0,TRUE
face_expressions/exp/16F_SP_O.png,face_expressions/exp/05F_SP_O.png,face_expressions/exp/33M_SP_O.png,face_expressions/exp/45M_SP_O.png,face_expressions/exp/23M_SP_O.png,face_expressions/exp/07F_SP_O.png,face_expressions/exp/31M_SP_O.png,face_expressions/exp/20M_SP_O.png,80.0,-56.5685424949238,-56.56854249492382,4.898587196589413e-15,-1.4695761589768237e-14,-80.0,56.568542494923804,56.56854249492379,0.0,56.568542494923804,-56.5685424949238,80.0,-80.0,9.797174393178826e-15,56.568542494923804,-56.56854249492382,IAPS_scrambled_EXP/scrambled_Neg_9413.jpg,SCR,AMB,EXP,0.5,j,0.25,0,TRUE
face_expressions/exp/13F_SP_O.png,face_expressions/exp/31M_SP_O.png,face_expressions/exp/20M_SP_O.png,face_expressions/exp/22M_SP_O.png,face_expressions/exp/26M_SP_O.png,face_expressions/exp/22M_SP_C.png,face_expressions/exp/32M_SP_O.png,face_expressions/exp/06F_SP_O.png,-1.4695761589768237e-14,-80.0,56.56854249492379,56.568542494923804,-56.56854249492382,80.0,4.898587196589413e-15,-56.5685424949238,-80.0,9.797174393178826e-15,-56.56854249492382,56.568542494923804,-56.5685424949238,0.0,80.0,56.568542494923804,IAPS_scrambled_EXP/scrambled_Neg_9414.jpg,SCR,AMB,EXP,0.5,j,0.25,0,TRUE
face_expressions/exp/33M_SP_O.png,face_expressions/exp/28M_SP_O.png,face_expressions/exp/22M_SP_O.png,face_expressions/exp/12F_SP_O.png,face_expressions/exp/16F_SP_O.png,face_expressions/exp/26M_SP_O.png,face_expressions/exp/22M_SP_C.png,face_expressions/exp/19F_SP_O.png,56.568542494923804,-1.4695761589768237e-14,56.56854249492379,-56.5685424949238,-80.0,-56.56854249492382,4.898587196589413e-15,80.0,56.568542494923804,-80.0,-56.56854249492382,56.568542494923804,9.797174393178826e-15,-56.5685424949238,80.0,0.0,IAPS_scrambled_EXP/scrambled_Neg_9433.jpg,SCR,AMB,EXP,0.5,j,0.25,0,TRUE
face_expressions/exp/33M_SP_O.png,face_expressions/exp/15F_SP_O.png,face_expressions/exp/41M_SP_O.png,face_expressions/exp/25M_SP_O.png,face_expressions/exp/02F_SP_O.png,face_expressions/exp/27M_SP_O.png,face_expressions/exp/35M_SP_O.png,face_expressions/exp/15F_SP_C.png,56.56854249492379,56.568542494923804,80.0,-1.4695761589768237e-14,-56.5685424949238,-80.0,4.898587196589413e-15,-56.56854249492382,-56.56854249492382,56.568542494923804,0.0,-80.0,56.568542494923804,9.797174393178826e-15,80.0,-56.5685424949238,IAPS_scrambled_EXP/scrambled_Neg_9570.jpg,SCR,AMB,EXP,0.5,j,0.25,0,TRUE
face_expressions/exp/39M_SP_O.png,face_expressions/exp/08F_SP_O.png,face_expressions/exp/14F_SP_O.png,face_expressions/exp/24M_SP_O.png,face_expressions/exp/15F_SP_C.png,face_expressions/exp/41M_SP_O.png,face_expressions/exp/26M_SP_O.png,face_expressions/exp/32M_SP_O.png,4.898587196589413e-15,-80.0,-56.5685424949238,-1.4695761589768237e-14,-56.56854249492382,56.56854249492379,56.568542494923804,80.0,80.0,9.797174393178826e-15,56.568542494923804,-80.0,-56.5685424949238,-56.56854249492382,56.568542494923804,0.0,IAPS_scrambled_EXP/scrambled_Neg_9600.jpg,SCR,AMB,EXP,0.5,j,0.25,0,TRUE
face_expressions/exp/07F_SP_O.png,face_expressions/exp/15F_SP_O.png,face_expressions/exp/36M_SP_O.png,face_expressions/exp/34M_SP_O.png,face_expressions/exp/13F_SP_O.png,face_expressions/exp/32M_SP_O.png,face_expressions/exp/05F_SP_O.png,face_expressions/exp/27M_SP_O.png,56.56854249492379,-56.5685424949238,-80.0,-1.4695761589768237e-14,80.0,56.568542494923804,-56.56854249492382,4.898587196589413e-15,-56.56854249492382,56.568542494923804,9.797174393178826e-15,-80.0,0.0,56.568542494923804,-56.5685424949238,80.0,IAPS_scrambled_EXP/scrambled_Neg_9800.jpg,SCR,AMB,EXP,0.5,j,0.25,0,TRUE
face_expressions/exp/35M_SP_O.png,face_expressions/exp/15F_SP_O.png,face_expressions/exp/23M_SP_O.png,face_expressions/exp/39M_SP_O.png,face_expressions/exp/34M_SP_O.png,face_expressions/exp/41M_SP_O.png,face_expressions/exp/29M_SP_O.png,face_expressions/exp/02F_SP_O.png,4.898587196589413e-15,-56.5685424949238,-56.56854249492382,56.568542494923804,-80.0,80.0,56.56854249492379,-1.4695761589768237e-14,80.0,56.568542494923804,-56.5685424949238,56.568542494923804,9.797174393178826e-15,0.0,-56.56854249492382,-80.0,IAPS_scrambled_EXP/scrambled_Neg_9810.jpg,SCR,AMB,EXP,0.5,j,0.25,0,TRUE
face_expressions/exp/07F_SP_O.png,face_expressions/exp/36M_SP_O.png,face_expressions/exp/15F_SP_C.png,face_expressions/exp/27M_SP_O.png,face_expressions/exp/18F_SP_O.png,face_expressions/exp/06F_SP_O.png,face_expressions/exp/22M_SP_C.png,face_expressions/exp/31M_SP_O.png,-80.0,80.0,-56.5685424949238,-56.56854249492382,56.56854249492379,56.568542494923804,4.898587196589413e-15,-1.4695761589768237e-14,9.797174393178826e-15,0.0,56.568542494923804,-56.5685424949238,-56.56854249492382,56.568542494923804,80.0,-80.0,IAPS_scrambled_EXP/scrambled_Neg_9908.jpg,SCR,AMB,EXP,0.5,j,0.25,0,TRUE
face_expressions/exp/05F_SP_O.png,face_expressions/exp/37M_SP_O.png,face_expressions/exp/02F_SP_O.png,face_expressions/exp/36M_SP_O.png,face_expressions/exp/19F_SP_O.png,face_expressions/exp/22M_SP_O.png,face_expressions/exp/06F_SP_O.png,face_expressions/exp/15F_SP_C.png,-56.5685424949238,-1.4695761589768237e-14,80.0,56.568542494923804,4.898587196589413e-15,56.56854249492379,-80.0,-56.56854249492382,56.568542494923804,-80.0,0.0,56.568542494923804,80.0,-56.56854249492382,9.797174393178826e-15,-56.5685424949238,IAPS_scrambled_EXP/scrambled_Neg_9910.jpg,SCR,AMB,EXP,0.5,j,0.25,0,TRUE
face_expressions/exp/25M_SP_O.png,face_expressions/exp/13F_SP_O.png,face_expressions/exp/22M_SP_O.png,face_expressions/exp/05F_SP_O.png,face_expressions/exp/09F_SP_O.png,face_expressions/exp/39M_SP_O.png,face_expressions/exp/24M_SP_O.png,face_expressions/exp/22M_SP_C.png,4.898587196589413e-15,-80.0,-56.56854249492382,80.0,-56.5685424949238,-1.4695761589768237e-14,56.56854249492379,56.568542494923804,80.0,9.797174393178826e-15,-56.5685424949238,0.0,56.568542494923804,-80.0,-56.56854249492382,56.568542494923804,IAPS_scrambled_EXP/scrambled_Neg_9921.jpg,SCR,AMB,EXP,0.5,j,0.25,0,TRUE
face_expressions/exp/02F_SP_O.png,face_expressions/exp/20M_SP_O.png,face_expressions/exp/19F_SP_O.png,face_expressions/exp/08F_SP_O.png,face_expressions/exp/13F_SP_O.png,face_expressions/exp/35M_SP_O.png,face_expressions/exp/25M_SP_O.png,face_expressions/exp/29M_SP_O.png,-1.4695761589768237e-14,56.56854249492379,-80.0,4.898587196589413e-15,56.568542494923804,-56.56854249492382,-56.5685424949238,80.0,-80.0,-56.56854249492382,9.797174393178826e-15,80.0,56.568542494923804,-56.5685424949238,56.568542494923804,0.0,IAPS_scrambled_EXP/scrambled_Neg_9940.jpg,SCR,AMB,EXP,0.5,j,0.25,0,TRUE
