IMG1,IMG2,IMG3,IMG4,IMG5,IMG6,IMG7,IMG8,X1,X2,X3,X4,X5,X6,X7,X8,Y1,Y2,Y3,Y4,Y5,Y6,Y7,Y8,priming,prime_cond,target_cond,TrialType,time,KeyPress_PT,Plus_x,Plus_y,StartEXP
face_expressions/exp/35M_HA_C.png,face_expressions/exp/02F_HA_C.png,face_expressions/exp/06F_HA_O.png,face_expressions/exp/18F_HA_O.png,face_expressions/exp/20M_HA_O.png,face_expressions/exp/03F_HA_O.png,face_expressions/exp/24M_HA_O.png,face_expressions/exp/45M_HA_C.png,56.568542494923804,-56.56854249492382,4.898587196589413e-15,-80.0,-56.5685424949238,56.56854249492379,80.0,-1.4695761589768237e-14,56.568542494923804,-56.5685424949238,80.0,9.797174393178826e-15,56.568542494923804,-56.56854249492382,0.0,-80.0,IAPS_XTRA/Pos_4599.jpg,POS,POS,FILLER,0.5,j,0.25,0,TRUE
face_expressions/exp/18F_HA_O.png,face_expressions/exp/28M_HA_C.png,face_expressions/exp/03F_HA_C.png,face_expressions/exp/28M_HA_O.png,face_expressions/exp/14F_HA_C.png,face_expressions/exp/20M_HA_C.png,face_expressions/exp/05F_HA_C.png,face_expressions/exp/19F_HA_C.png,56.56854249492379,-80.0,80.0,4.898587196589413e-15,-56.5685424949238,56.568542494923804,-1.4695761589768237e-14,-56.56854249492382,-56.56854249492382,9.797174393178826e-15,0.0,80.0,56.568542494923804,56.568542494923804,-80.0,-56.5685424949238,IAPS_XTRA/Pos_4640.jpg,POS,POS,FILLER,0.5,j,0.25,0,TRUE
face_expressions/exp/20M_HA_O.png,face_expressions/exp/19F_HA_C.png,face_expressions/exp/34M_HA_O.png,face_expressions/exp/32M_HA_C.png,face_expressions/exp/13F_HA_O.png,face_expressions/exp/25M_HA_C.png,face_expressions/exp/09F_HA_C.png,face_expressions/exp/29M_HA_C.png,4.898587196589413e-15,-56.56854249492382,-56.5685424949238,-80.0,56.56854249492379,56.568542494923804,-1.4695761589768237e-14,80.0,80.0,-56.5685424949238,56.568542494923804,9.797174393178826e-15,-56.56854249492382,56.568542494923804,-80.0,0.0,IAPS_XTRA/Neg_3350.jpg,NEG,POS,FILLER,0.5,j,0.25,0,TRUE
face_expressions/exp/02F_HA_O.png,face_expressions/exp/45M_HA_O.png,face_expressions/exp/07F_HA_C.png,face_expressions/exp/14F_HA_C.png,face_expressions/exp/16F_HA_C.png,face_expressions/exp/05F_HA_C.png,face_expressions/exp/28M_HA_C.png,face_expressions/exp/35M_HA_C.png,4.898587196589413e-15,56.56854249492379,-56.56854249492382,-80.0,-56.5685424949238,56.568542494923804,-1.4695761589768237e-14,80.0,80.0,-56.56854249492382,-56.5685424949238,9.797174393178826e-15,56.568542494923804,56.568542494923804,-80.0,0.0,IAPS_XTRA/Neg_6021.jpg,NEG,POS,FILLER,0.5,j,0.25,0,TRUE
face_expressions/exp/43M_AN_C.png,face_expressions/exp/03F_AN_O.png,face_expressions/exp/14F_AN_C.png,face_expressions/exp/32M_AN_O.png,face_expressions/exp/28M_AN_O.png,face_expressions/exp/34M_AN_C.png,face_expressions/exp/09F_AN_O.png,face_expressions/exp/41M_AN_C.png,56.568542494923804,-56.56854249492382,56.56854249492379,4.898587196589413e-15,-1.4695761589768237e-14,-80.0,80.0,-56.5685424949238,56.568542494923804,-56.5685424949238,-56.56854249492382,80.0,-80.0,9.797174393178826e-15,0.0,56.568542494923804,IAPS_XTRA/Pos_4677.jpg,POS,NEG,FILLER,0.5,j,0.25,0,TRUE
face_expressions/exp/45M_AN_O.png,face_expressions/exp/39M_AN_C.png,face_expressions/exp/23M_AN_O.png,face_expressions/exp/33M_AN_O.png,face_expressions/exp/35M_AN_O.png,face_expressions/exp/16F_AN_C.png,face_expressions/exp/14F_AN_O.png,face_expressions/exp/07F_AN_C.png,-56.56854249492382,-56.5685424949238,-80.0,56.56854249492379,80.0,4.898587196589413e-15,-1.4695761589768237e-14,56.568542494923804,-56.5685424949238,56.568542494923804,9.797174393178826e-15,-56.56854249492382,0.0,80.0,-80.0,56.568542494923804,IAPS_XTRA/Pos_4683.jpg,POS,NEG,FILLER,0.5,j,0.25,0,TRUE
face_expressions/exp/07F_AN_O.png,face_expressions/exp/39M_AN_C.png,face_expressions/exp/33M_AN_O.png,face_expressions/exp/41M_AN_C.png,face_expressions/exp/20M_AN_C.png,face_expressions/exp/16F_AN_C.png,face_expressions/exp/43M_AN_C.png,face_expressions/exp/22M_AN_C.png,-56.5685424949238,80.0,-1.4695761589768237e-14,-56.56854249492382,4.898587196589413e-15,-80.0,56.568542494923804,56.56854249492379,56.568542494923804,0.0,-80.0,-56.5685424949238,80.0,9.797174393178826e-15,56.568542494923804,-56.56854249492382,IAPS_XTRA/Neg_6212.jpg,NEG,NEG,FILLER,0.5,j,0.25,0,TRUE
face_expressions/exp/13F_AN_O.png,face_expressions/exp/13F_AN_C.png,face_expressions/exp/15F_AN_C.png,face_expressions/exp/39M_AN_C.png,face_expressions/exp/20M_AN_C.png,face_expressions/exp/03F_AN_C.png,face_expressions/exp/45M_AN_C.png,face_expressions/exp/07F_AN_O.png,56.56854249492379,-80.0,-56.5685424949238,4.898587196589413e-15,-56.56854249492382,-1.4695761589768237e-14,56.568542494923804,80.0,-56.56854249492382,9.797174393178826e-15,56.568542494923804,80.0,-56.5685424949238,-80.0,56.568542494923804,0.0,IAPS_XTRA/Neg_6243.jpg,NEG,NEG,FILLER,0.5,j,0.25,0,TRUE
face_expressions/exp/26M_AN_O.png,face_expressions/exp/08F_AN_C.png,face_expressions/exp/32M_AN_O.png,face_expressions/exp/34M_AN_O.png,face_expressions/exp/22M_AN_C.png,face_expressions/exp/35M_AN_O.png,face_expressions/exp/15F_AN_O.png,face_expressions/exp/27M_AN_O.png,56.56854249492379,-1.4695761589768237e-14,-80.0,-56.5685424949238,80.0,56.568542494923804,4.898587196589413e-15,-56.56854249492382,-56.56854249492382,-80.0,9.797174393178826e-15,56.568542494923804,0.0,56.568542494923804,80.0,-56.5685424949238,IAPS_scrambled_XTRA/scrambled_Neg_3350.jpg,SCR,NEG,FILLER,0.5,j,0.25,0,TRUE
face_expressions/exp/37M_AN_O.png,face_expressions/exp/22M_AN_O.png,face_expressions/exp/05F_AN_C.png,face_expressions/exp/33M_AN_C.png,face_expressions/exp/12F_AN_C.png,face_expressions/exp/16F_AN_O.png,face_expressions/exp/45M_AN_O.png,face_expressions/exp/34M_AN_C.png,-56.56854249492382,-56.5685424949238,-80.0,80.0,-1.4695761589768237e-14,4.898587196589413e-15,56.568542494923804,56.56854249492379,-56.5685424949238,56.568542494923804,9.797174393178826e-15,0.0,-80.0,80.0,56.568542494923804,-56.56854249492382,IAPS_scrambled_XTRA/scrambled_Neg_6021.jpg,SCR,NEG,FILLER,0.5,j,0.25,0,TRUE
face_expressions/exp/12F_HA_C.png,face_expressions/exp/36M_HA_O.png,face_expressions/exp/13F_HA_O.png,face_expressions/exp/39M_HA_O.png,face_expressions/exp/16F_HA_O.png,face_expressions/exp/26M_HA_O.png,face_expressions/exp/20M_HA_O.png,face_expressions/exp/37M_HA_C.png,-56.5685424949238,80.0,-56.56854249492382,-80.0,56.56854249492379,-1.4695761589768237e-14,4.898587196589413e-15,56.568542494923804,56.568542494923804,0.0,-56.5685424949238,9.797174393178826e-15,-56.56854249492382,-80.0,80.0,56.568542494923804,IAPS_scrambled_XTRA/scrambled_Neg_6212.jpg,SCR,POS,FILLER,0.5,j,0.25,0,TRUE
face_expressions/exp/16F_HA_C.png,face_expressions/exp/25M_HA_C.png,face_expressions/exp/08F_HA_O.png,face_expressions/exp/45M_HA_C.png,face_expressions/exp/03F_HA_C.png,face_expressions/exp/45M_HA_O.png,face_expressions/exp/09F_HA_C.png,face_expressions/exp/35M_HA_C.png,56.56854249492379,-1.4695761589768237e-14,56.568542494923804,4.898587196589413e-15,-56.56854249492382,80.0,-56.5685424949238,-80.0,-56.56854249492382,-80.0,56.568542494923804,80.0,-56.5685424949238,0.0,56.568542494923804,9.797174393178826e-15,IAPS_scrambled_XTRA/scrambled_Neg_6243.jpg,SCR,POS,FILLER,0.5,j,0.25,0,TRUE
face_expressions/exp/12F_SP_O.png,face_expressions/exp/32M_SP_O.png,face_expressions/exp/23M_SP_O.png,face_expressions/exp/08F_SP_O.png,face_expressions/exp/02F_SP_O.png,face_expressions/exp/26M_SP_O.png,face_expressions/exp/41M_SP_O.png,face_expressions/exp/13F_SP_O.png,-80.0,-56.5685424949238,-1.4695761589768237e-14,56.56854249492379,4.898587196589413e-15,80.0,-56.56854249492382,56.568542494923804,9.797174393178826e-15,56.568542494923804,-80.0,-56.56854249492382,80.0,0.0,-56.5685424949238,56.568542494923804,IAPS_EXP/Pos_4658.jpg,POS,AMB,EXP,0.5,j,0.25,0,TRUE
face_expressions/exp/19F_SP_O.png,face_expressions/exp/25M_SP_O.png,face_expressions/exp/22M_SP_O.png,face_expressions/exp/09F_SP_O.png,face_expressions/exp/32M_SP_O.png,face_expressions/exp/27M_SP_O.png,face_expressions/exp/14F_SP_O.png,face_expressions/exp/36M_SP_O.png,56.56854249492379,-1.4695761589768237e-14,80.0,56.568542494923804,-56.5685424949238,4.898587196589413e-15,-56.56854249492382,-80.0,-56.56854249492382,-80.0,0.0,56.568542494923804,56.568542494923804,80.0,-56.5685424949238,9.797174393178826e-15,IAPS_EXP/Pos_4659.jpg,POS,AMB,EXP,0.5,j,0.25,0,TRUE
face_expressions/exp/43M_SP_O.png,face_expressions/exp/02F_SP_O.png,face_expressions/exp/14F_SP_O.png,face_expressions/exp/16F_SP_O.png,face_expressions/exp/07F_SP_O.png,face_expressions/exp/39M_SP_O.png,face_expressions/exp/20M_SP_O.png,face_expressions/exp/22M_SP_C.png,80.0,4.898587196589413e-15,-56.5685424949238,56.56854249492379,-80.0,-1.4695761589768237e-14,56.568542494923804,-56.56854249492382,0.0,80.0,56.568542494923804,-56.56854249492382,9.797174393178826e-15,-80.0,56.568542494923804,-56.5685424949238,IAPS_EXP/Pos_4660.jpg,POS,AMB,EXP,0.5,j,0.25,0,TRUE
face_expressions/exp/41M_SP_O.png,face_expressions/exp/15F_SP_O.png,face_expressions/exp/32M_SP_O.png,face_expressions/exp/07F_SP_O.png,face_expressions/exp/27M_SP_O.png,face_expressions/exp/29M_SP_O.png,face_expressions/exp/36M_SP_O.png,face_expressions/exp/34M_SP_O.png,-56.5685424949238,80.0,56.56854249492379,-1.4695761589768237e-14,-80.0,56.568542494923804,4.898587196589413e-15,-56.56854249492382,56.568542494923804,0.0,-56.56854249492382,-80.0,9.797174393178826e-15,56.568542494923804,80.0,-56.5685424949238,IAPS_EXP/Pos_4664.jpg,POS,AMB,EXP,0.5,j,0.25,0,TRUE
face_expressions/exp/22M_SP_C.png,face_expressions/exp/13F_SP_O.png,face_expressions/exp/36M_SP_O.png,face_expressions/exp/33M_SP_O.png,face_expressions/exp/26M_SP_O.png,face_expressions/exp/03F_SP_O.png,face_expressions/exp/20M_SP_O.png,face_expressions/exp/08F_SP_O.png,56.56854249492379,56.568542494923804,80.0,-80.0,-1.4695761589768237e-14,4.898587196589413e-15,-56.5685424949238,-56.56854249492382,-56.56854249492382,56.568542494923804,0.0,9.797174393178826e-15,-80.0,80.0,56.568542494923804,-56.5685424949238,IAPS_EXP/Pos_4668.jpg,POS,AMB,EXP,0.5,j,0.25,0,TRUE
face_expressions/exp/26M_SP_O.png,face_expressions/exp/39M_SP_O.png,face_expressions/exp/07F_SP_O.png,face_expressions/exp/33M_SP_O.png,face_expressions/exp/23M_SP_O.png,face_expressions/exp/12F_SP_O.png,face_expressions/exp/16F_SP_O.png,face_expressions/exp/29M_SP_O.png,-56.56854249492382,-80.0,-1.4695761589768237e-14,-56.5685424949238,80.0,4.898587196589413e-15,56.568542494923804,56.56854249492379,-56.5685424949238,9.797174393178826e-15,-80.0,56.568542494923804,0.0,80.0,56.568542494923804,-56.56854249492382,IAPS_EXP/Pos_4670.jpg,POS,AMB,EXP,0.5,j,0.25,0,TRUE
face_expressions/exp/28M_SP_O.png,face_expressions/exp/06F_SP_O.png,face_expressions/exp/39M_SP_O.png,face_expressions/exp/36M_SP_O.png,face_expressions/exp/20M_SP_O.png,face_expressions/exp/05F_SP_O.png,face_expressions/exp/27M_SP_O.png,face_expressions/exp/37M_SP_O.png,-56.56854249492382,56.56854249492379,56.568542494923804,-1.4695761589768237e-14,-56.5685424949238,-80.0,4.898587196589413e-15,80.0,-56.5685424949238,-56.56854249492382,56.568542494923804,-80.0,56.568542494923804,9.797174393178826e-15,80.0,0.0,IAPS_EXP/Pos_4676.jpg,POS,AMB,EXP,0.5,j,0.25,0,TRUE
face_expressions/exp/34M_SP_O.png,face_expressions/exp/18F_SP_O.png,face_expressions/exp/36M_SP_O.png,face_expressions/exp/39M_SP_O.png,face_expressions/exp/08F_SP_O.png,face_expressions/exp/32M_SP_O.png,face_expressions/exp/14F_SP_O.png,face_expressions/exp/43M_SP_O.png,-1.4695761589768237e-14,4.898587196589413e-15,-56.56854249492382,56.56854249492379,80.0,56.568542494923804,-80.0,-56.5685424949238,-80.0,80.0,-56.5685424949238,-56.56854249492382,0.0,56.568542494923804,9.797174393178826e-15,56.568542494923804,IAPS_EXP/Pos_4680.jpg,POS,AMB,EXP,0.5,j,0.25,0,TRUE
face_expressions/exp/22M_SP_O.png,face_expressions/exp/35M_SP_O.png,face_expressions/exp/18F_SP_O.png,face_expressions/exp/33M_SP_O.png,face_expressions/exp/02F_SP_O.png,face_expressions/exp/36M_SP_O.png,face_expressions/exp/28M_SP_O.png,face_expressions/exp/32M_SP_O.png,80.0,-56.5685424949238,-1.4695761589768237e-14,56.568542494923804,-80.0,-56.56854249492382,56.56854249492379,4.898587196589413e-15,0.0,56.568542494923804,-80.0,56.568542494923804,9.797174393178826e-15,-56.5685424949238,-56.56854249492382,80.0,IAPS_EXP/Pos_4681.jpg,POS,AMB,EXP,0.5,j,0.25,0,TRUE
face_expressions/exp/15F_SP_O.png,face_expressions/exp/35M_SP_O.png,face_expressions/exp/37M_SP_O.png,face_expressions/exp/09F_SP_O.png,face_expressions/exp/13F_SP_O.png,face_expressions/exp/32M_SP_O.png,face_expressions/exp/15F_SP_C.png,face_expressions/exp/28M_SP_O.png,56.56854249492379,-56.56854249492382,80.0,56.568542494923804,-1.4695761589768237e-14,-80.0,4.898587196589413e-15,-56.5685424949238,-56.56854249492382,-56.5685424949238,0.0,56.568542494923804,-80.0,9.797174393178826e-15,80.0,56.568542494923804,IAPS_EXP/Pos_4687.jpg,POS,AMB,EXP,0.5,j,0.25,0,TRUE
face_expressions/exp/15F_SP_C.png,face_expressions/exp/32M_SP_O.png,face_expressions/exp/13F_SP_O.png,face_expressions/exp/39M_SP_O.png,face_expressions/exp/22M_SP_C.png,face_expressions/exp/29M_SP_O.png,face_expressions/exp/09F_SP_O.png,face_expressions/exp/07F_SP_O.png,56.568542494923804,-1.4695761589768237e-14,80.0,4.898587196589413e-15,-80.0,-56.5685424949238,-56.56854249492382,56.56854249492379,56.568542494923804,-80.0,0.0,80.0,9.797174393178826e-15,56.568542494923804,-56.5685424949238,-56.56854249492382,IAPS_EXP/Pos_4689.jpg,POS,AMB,EXP,0.5,j,0.25,0,TRUE
face_expressions/exp/32M_SP_O.png,face_expressions/exp/12F_SP_O.png,face_expressions/exp/07F_SP_O.png,face_expressions/exp/34M_SP_O.png,face_expressions/exp/29M_SP_O.png,face_expressions/exp/22M_SP_C.png,face_expressions/exp/26M_SP_O.png,face_expressions/exp/23M_SP_O.png,-56.56854249492382,-80.0,56.56854249492379,-56.5685424949238,56.568542494923804,80.0,-1.4695761589768237e-14,4.898587196589413e-15,-56.5685424949238,9.797174393178826e-15,-56.56854249492382,56.568542494923804,56.568542494923804,0.0,-80.0,80.0,IAPS_EXP/Pos_4690.jpg,POS,AMB,EXP,0.5,j,0.25,0,TRUE
face_expressions/exp/37M_SP_O.png,face_expressions/exp/25M_SP_O.png,face_expressions/exp/07F_SP_O.png,face_expressions/exp/39M_SP_O.png,face_expressions/exp/13F_SP_O.png,face_expressions/exp/43M_SP_O.png,face_expressions/exp/35M_SP_O.png,face_expressions/exp/15F_SP_O.png,-1.4695761589768237e-14,-56.5685424949238,80.0,-56.56854249492382,56.568542494923804,-80.0,56.56854249492379,4.898587196589413e-15,-80.0,56.568542494923804,0.0,-56.5685424949238,56.568542494923804,9.797174393178826e-15,-56.56854249492382,80.0,IAPS_EXP/Pos_4694.jpg,POS,AMB,EXP,0.5,j,0.25,0,TRUE
face_expressions/exp/02F_SP_O.png,face_expressions/exp/20M_SP_O.png,face_expressions/exp/28M_SP_O.png,face_expressions/exp/24M_SP_O.png,face_expressions/exp/19F_SP_O.png,face_expressions/exp/35M_SP_O.png,face_expressions/exp/03F_SP_O.png,face_expressions/exp/26M_SP_O.png,-56.56854249492382,4.898587196589413e-15,56.56854249492379,80.0,-80.0,-56.5685424949238,-1.4695761589768237e-14,56.568542494923804,-56.5685424949238,80.0,-56.56854249492382,0.0,9.797174393178826e-15,56.568542494923804,-80.0,56.568542494923804,IAPS_EXP/Pos_4695.jpg,POS,AMB,EXP,0.5,j,0.25,0,TRUE
face_expressions/exp/36M_SP_O.png,face_expressions/exp/14F_SP_O.png,face_expressions/exp/15F_SP_C.png,face_expressions/exp/29M_SP_O.png,face_expressions/exp/22M_SP_C.png,face_expressions/exp/13F_SP_O.png,face_expressions/exp/18F_SP_O.png,face_expressions/exp/35M_SP_O.png,56.568542494923804,-1.4695761589768237e-14,-56.5685424949238,-80.0,-56.56854249492382,4.898587196589413e-15,56.56854249492379,80.0,56.568542494923804,-80.0,56.568542494923804,9.797174393178826e-15,-56.5685424949238,80.0,-56.56854249492382,0.0,IAPS_EXP/Pos_4697.jpg,POS,AMB,EXP,0.5,j,0.25,0,TRUE
face_expressions/exp/23M_SP_O.png,face_expressions/exp/14F_SP_O.png,face_expressions/exp/15F_SP_O.png,face_expressions/exp/41M_SP_O.png,face_expressions/exp/18F_SP_O.png,face_expressions/exp/06F_SP_O.png,face_expressions/exp/02F_SP_O.png,face_expressions/exp/13F_SP_O.png,80.0,-80.0,56.568542494923804,-56.56854249492382,-1.4695761589768237e-14,4.898587196589413e-15,-56.5685424949238,56.56854249492379,0.0,9.797174393178826e-15,56.568542494923804,-56.5685424949238,-80.0,80.0,56.568542494923804,-56.56854249492382,IAPS_EXP/Pos_4698.jpg,POS,AMB,EXP,0.5,j,0.25,0,TRUE
face_expressions/exp/03F_SP_O.png,face_expressions/exp/32M_SP_O.png,face_expressions/exp/02F_SP_O.png,face_expressions/exp/24M_SP_O.png,face_expressions/exp/22M_SP_C.png,face_expressions/exp/33M_SP_O.png,face_expressions/exp/43M_SP_O.png,face_expressions/exp/37M_SP_O.png,-80.0,80.0,56.56854249492379,4.898587196589413e-15,-56.56854249492382,-1.4695761589768237e-14,56.568542494923804,-56.5685424949238,9.797174393178826e-15,0.0,-56.56854249492382,80.0,-56.5685424949238,-80.0,56.568542494923804,56.568542494923804,IAPS_EXP/Pos_4800.jpg,POS,AMB,EXP,0.5,j,0.25,0,TRUE
face_expressions/exp/06F_SP_O.png,face_expressions/exp/27M_SP_O.png,face_expressions/exp/39M_SP_O.png,face_expressions/exp/03F_SP_O.png,face_expressions/exp/08F_SP_O.png,face_expressions/exp/12F_SP_O.png,face_expressions/exp/33M_SP_O.png,face_expressions/exp/05F_SP_O.png,-56.5685424949238,80.0,56.568542494923804,4.898587196589413e-15,56.56854249492379,-1.4695761589768237e-14,-56.56854249492382,-80.0,56.568542494923804,0.0,56.568542494923804,80.0,-56.56854249492382,-80.0,-56.5685424949238,9.797174393178826e-15,IAPS_EXP/Pos_4810.jpg,POS,AMB,EXP,0.5,j,0.25,0,TRUE
face_expressions/exp/03F_SP_O.png,face_expressions/exp/05F_SP_O.png,face_expressions/exp/45M_SP_O.png,face_expressions/exp/12F_SP_O.png,face_expressions/exp/19F_SP_O.png,face_expressions/exp/35M_SP_O.png,face_expressions/exp/08F_SP_O.png,face_expressions/exp/02F_SP_O.png,80.0,56.56854249492379,-56.56854249492382,-56.5685424949238,-1.4695761589768237e-14,-80.0,4.898587196589413e-15,56.568542494923804,0.0,-56.56854249492382,-56.5685424949238,56.568542494923804,-80.0,9.797174393178826e-15,80.0,56.568542494923804,IAPS_EXP/Pos_5260.jpg,POS,AMB,EXP,0.5,j,0.25,0,TRUE
face_expressions/exp/06F_SP_O.png,face_expressions/exp/13F_SP_O.png,face_expressions/exp/41M_SP_O.png,face_expressions/exp/12F_SP_O.png,face_expressions/exp/26M_SP_O.png,face_expressions/exp/39M_SP_O.png,face_expressions/exp/28M_SP_O.png,face_expressions/exp/43M_SP_O.png,-1.4695761589768237e-14,56.568542494923804,-56.5685424949238,-80.0,-56.56854249492382,80.0,56.56854249492379,4.898587196589413e-15,-80.0,56.568542494923804,56.568542494923804,9.797174393178826e-15,-56.5685424949238,0.0,-56.56854249492382,80.0,IAPS_EXP/Pos_5450.jpg,POS,AMB,EXP,0.5,j,0.25,0,TRUE
face_expressions/exp/34M_SP_O.png,face_expressions/exp/41M_SP_O.png,face_expressions/exp/22M_SP_C.png,face_expressions/exp/24M_SP_O.png,face_expressions/exp/19F_SP_O.png,face_expressions/exp/03F_SP_O.png,face_expressions/exp/31M_SP_O.png,face_expressions/exp/32M_SP_O.png,-80.0,4.898587196589413e-15,-1.4695761589768237e-14,56.568542494923804,-56.56854249492382,-56.5685424949238,56.56854249492379,80.0,9.797174393178826e-15,80.0,-80.0,56.568542494923804,-56.5685424949238,56.568542494923804,-56.56854249492382,0.0,IAPS_EXP/Neg_3102.jpg,NEG,AMB,EXP,0.5,j,0.25,0,TRUE
face_expressions/exp/32M_SP_O.png,face_expressions/exp/31M_SP_O.png,face_expressions/exp/18F_SP_O.png,face_expressions/exp/43M_SP_O.png,face_expressions/exp/05F_SP_O.png,face_expressions/exp/37M_SP_O.png,face_expressions/exp/39M_SP_O.png,face_expressions/exp/03F_SP_O.png,56.568542494923804,-56.56854249492382,-80.0,80.0,4.898587196589413e-15,56.56854249492379,-56.5685424949238,-1.4695761589768237e-14,56.568542494923804,-56.5685424949238,9.797174393178826e-15,0.0,80.0,-56.56854249492382,56.568542494923804,-80.0,IAPS_EXP/Neg_3103.jpg,NEG,AMB,EXP,0.5,j,0.25,0,TRUE
face_expressions/exp/22M_SP_O.png,face_expressions/exp/31M_SP_O.png,face_expressions/exp/03F_SP_O.png,face_expressions/exp/43M_SP_O.png,face_expressions/exp/15F_SP_O.png,face_expressions/exp/14F_SP_O.png,face_expressions/exp/09F_SP_O.png,face_expressions/exp/08F_SP_O.png,-56.56854249492382,-80.0,80.0,-1.4695761589768237e-14,56.568542494923804,4.898587196589413e-15,-56.5685424949238,56.56854249492379,-56.5685424949238,9.797174393178826e-15,0.0,-80.0,56.568542494923804,80.0,56.568542494923804,-56.56854249492382,IAPS_EXP/Neg_3110.jpg,NEG,AMB,EXP,0.5,j,0.25,0,TRUE
face_expressions/exp/20M_SP_O.png,face_expressions/exp/12F_SP_O.png,face_expressions/exp/05F_SP_O.png,face_expressions/exp/06F_SP_O.png,face_expressions/exp/31M_SP_O.png,face_expressions/exp/27M_SP_O.png,face_expressions/exp/39M_SP_O.png,face_expressions/exp/36M_SP_O.png,56.56854249492379,4.898587196589413e-15,56.568542494923804,80.0,-56.5685424949238,-1.4695761589768237e-14,-80.0,-56.56854249492382,-56.56854249492382,80.0,56.568542494923804,0.0,56.568542494923804,-80.0,9.797174393178826e-15,-56.5685424949238,IAPS_EXP/Neg_3120.jpg,NEG,AMB,EXP,0.5,j,0.25,0,TRUE
face_expressions/exp/29M_SP_O.png,face_expressions/exp/07F_SP_O.png,face_expressions/exp/32M_SP_O.png,face_expressions/exp/13F_SP_O.png,face_expressions/exp/09F_SP_O.png,face_expressions/exp/43M_SP_O.png,face_expressions/exp/23M_SP_O.png,face_expressions/exp/15F_SP_C.png,80.0,-80.0,4.898587196589413e-15,56.56854249492379,-1.4695761589768237e-14,-56.5685424949238,56.568542494923804,-56.56854249492382,0.0,9.797174393178826e-15,80.0,-56.56854249492382,-80.0,56.568542494923804,56.568542494923804,-56.5685424949238,IAPS_EXP/Neg_3130.jpg,NEG,AMB,EXP,0.5,j,0.25,0,TRUE
face_expressions/exp/24M_SP_O.png,face_expressions/exp/09F_SP_O.png,face_expressions/exp/34M_SP_O.png,face_expressions/exp/23M_SP_O.png,face_expressions/exp/45M_SP_O.png,face_expressions/exp/29M_SP_O.png,face_expressions/exp/19F_SP_O.png,face_expressions/exp/27M_SP_O.png,-56.56854249492382,56.56854249492379,4.898587196589413e-15,-80.0,80.0,-56.5685424949238,-1.4695761589768237e-14,56.568542494923804,-56.5685424949238,-56.56854249492382,80.0,9.797174393178826e-15,0.0,56.568542494923804,-80.0,56.568542494923804,IAPS_EXP/Neg_3131.jpg,NEG,AMB,EXP,0.5,j,0.25,0,TRUE
face_expressions/exp/36M_SP_O.png,face_expressions/exp/07F_SP_O.png,face_expressions/exp/05F_SP_O.png,face_expressions/exp/18F_SP_O.png,face_expressions/exp/27M_SP_O.png,face_expressions/exp/15F_SP_C.png,face_expressions/exp/20M_SP_O.png,face_expressions/exp/35M_SP_O.png,56.568542494923804,-1.4695761589768237e-14,-56.5685424949238,80.0,56.56854249492379,4.898587196589413e-15,-80.0,-56.56854249492382,56.568542494923804,-80.0,56.568542494923804,0.0,-56.56854249492382,80.0,9.797174393178826e-15,-56.5685424949238,IAPS_EXP/Neg_3140.jpg,NEG,AMB,EXP,0.5,j,0.25,0,TRUE
face_expressions/exp/07F_SP_O.png,face_expressions/exp/23M_SP_O.png,face_expressions/exp/14F_SP_O.png,face_expressions/exp/13F_SP_O.png,face_expressions/exp/27M_SP_O.png,face_expressions/exp/31M_SP_O.png,face_expressions/exp/41M_SP_O.png,face_expressions/exp/15F_SP_O.png,4.898587196589413e-15,-1.4695761589768237e-14,-56.56854249492382,56.56854249492379,56.568542494923804,-56.5685424949238,80.0,-80.0,80.0,-80.0,-56.5685424949238,-56.56854249492382,56.568542494923804,56.568542494923804,0.0,9.797174393178826e-15,IAPS_EXP/Neg_3150.jpg,NEG,AMB,EXP,0.5,j,0.25,0,TRUE
face_expressions/exp/06F_SP_O.png,face_expressions/exp/08F_SP_O.png,face_expressions/exp/28M_SP_O.png,face_expressions/exp/18F_SP_O.png,face_expressions/exp/12F_SP_O.png,face_expressions/exp/20M_SP_O.png,face_expressions/exp/31M_SP_O.png,face_expressions/exp/23M_SP_O.png,-1.4695761589768237e-14,56.568542494923804,-56.56854249492382,56.56854249492379,4.898587196589413e-15,80.0,-56.5685424949238,-80.0,-80.0,56.568542494923804,-56.5685424949238,-56.56854249492382,80.0,0.0,56.568542494923804,9.797174393178826e-15,IAPS_EXP/Neg_3168.jpg,NEG,AMB,EXP,0.5,j,0.25,0,TRUE
face_expressions/exp/23M_SP_O.png,face_expressions/exp/36M_SP_O.png,face_expressions/exp/05F_SP_O.png,face_expressions/exp/22M_SP_O.png,face_expressions/exp/39M_SP_O.png,face_expressions/exp/32M_SP_O.png,face_expressions/exp/27M_SP_O.png,face_expressions/exp/24M_SP_O.png,80.0,-56.5685424949238,56.56854249492379,-56.56854249492382,-80.0,-1.4695761589768237e-14,56.568542494923804,4.898587196589413e-15,0.0,56.568542494923804,-56.56854249492382,-56.5685424949238,9.797174393178826e-15,-80.0,56.568542494923804,80.0,IAPS_EXP/Neg_3170.jpg,NEG,AMB,EXP,0.5,j,0.25,0,TRUE
face_expressions/exp/24M_SP_O.png,face_expressions/exp/23M_SP_O.png,face_expressions/exp/36M_SP_O.png,face_expressions/exp/03F_SP_O.png,face_expressions/exp/15F_SP_C.png,face_expressions/exp/37M_SP_O.png,face_expressions/exp/08F_SP_O.png,face_expressions/exp/35M_SP_O.png,-56.5685424949238,-56.56854249492382,-80.0,-1.4695761589768237e-14,56.568542494923804,80.0,56.56854249492379,4.898587196589413e-15,56.568542494923804,-56.5685424949238,9.797174393178826e-15,-80.0,56.568542494923804,0.0,-56.56854249492382,80.0,IAPS_EXP/Neg_3191.jpg,NEG,AMB,EXP,0.5,j,0.25,0,TRUE
face_expressions/exp/33M_SP_O.png,face_expressions/exp/15F_SP_C.png,face_expressions/exp/31M_SP_O.png,face_expressions/exp/20M_SP_O.png,face_expressions/exp/45M_SP_O.png,face_expressions/exp/13F_SP_O.png,face_expressions/exp/22M_SP_C.png,face_expressions/exp/27M_SP_O.png,80.0,4.898587196589413e-15,-1.4695761589768237e-14,56.56854249492379,-56.56854249492382,-56.5685424949238,56.568542494923804,-80.0,0.0,80.0,-80.0,-56.56854249492382,-56.5685424949238,56.568542494923804,56.568542494923804,9.797174393178826e-15,IAPS_EXP/Neg_3195.jpg,NEG,AMB,EXP,0.5,j,0.25,0,TRUE
face_expressions/exp/19F_SP_O.png,face_expressions/exp/32M_SP_O.png,face_expressions/exp/24M_SP_O.png,face_expressions/exp/23M_SP_O.png,face_expressions/exp/22M_SP_C.png,face_expressions/exp/37M_SP_O.png,face_expressions/exp/14F_SP_O.png,face_expressions/exp/16F_SP_O.png,56.56854249492379,-80.0,80.0,-1.4695761589768237e-14,4.898587196589413e-15,-56.5685424949238,56.568542494923804,-56.56854249492382,-56.56854249492382,9.797174393178826e-15,0.0,-80.0,80.0,56.568542494923804,56.568542494923804,-56.5685424949238,IAPS_EXP/Neg_3225.jpg,NEG,AMB,EXP,0.5,j,0.25,0,TRUE
face_expressions/exp/07F_SP_O.png,face_expressions/exp/37M_SP_O.png,face_expressions/exp/14F_SP_O.png,face_expressions/exp/25M_SP_O.png,face_expressions/exp/28M_SP_O.png,face_expressions/exp/08F_SP_O.png,face_expressions/exp/39M_SP_O.png,face_expressions/exp/22M_SP_O.png,-1.4695761589768237e-14,56.56854249492379,4.898587196589413e-15,-56.5685424949238,56.568542494923804,-80.0,80.0,-56.56854249492382,-80.0,-56.56854249492382,80.0,56.568542494923804,56.568542494923804,9.797174393178826e-15,0.0,-56.5685424949238,IAPS_EXP/Neg_3261.jpg,NEG,AMB,EXP,0.5,j,0.25,0,TRUE
face_expressions/exp/23M_SP_O.png,face_expressions/exp/13F_SP_O.png,face_expressions/exp/09F_SP_O.png,face_expressions/exp/22M_SP_O.png,face_expressions/exp/22M_SP_C.png,face_expressions/exp/24M_SP_O.png,face_expressions/exp/31M_SP_O.png,face_expressions/exp/28M_SP_O.png,56.568542494923804,-1.4695761589768237e-14,-56.5685424949238,-56.56854249492382,56.56854249492379,4.898587196589413e-15,-80.0,80.0,56.568542494923804,-80.0,56.568542494923804,-56.5685424949238,-56.56854249492382,80.0,9.797174393178826e-15,0.0,IAPS_EXP/Neg_3266.jpg,NEG,AMB,EXP,0.5,j,0.25,0,TRUE
face_expressions/exp/37M_SP_O.png,face_expressions/exp/27M_SP_O.png,face_expressions/exp/26M_SP_O.png,face_expressions/exp/19F_SP_O.png,face_expressions/exp/45M_SP_O.png,face_expressions/exp/02F_SP_O.png,face_expressions/exp/35M_SP_O.png,face_expressions/exp/43M_SP_O.png,-1.4695761589768237e-14,-80.0,56.56854249492379,-56.5685424949238,56.568542494923804,80.0,4.898587196589413e-15,-56.56854249492382,-80.0,9.797174393178826e-15,-56.56854249492382,56.568542494923804,56.568542494923804,0.0,80.0,-56.5685424949238,IAPS_EXP/Neg_3400.jpg,NEG,AMB,EXP,0.5,j,0.25,0,TRUE
face_expressions/exp/15F_SP_O.png,face_expressions/exp/12F_SP_O.png,face_expressions/exp/03F_SP_O.png,face_expressions/exp/33M_SP_O.png,face_expressions/exp/07F_SP_O.png,face_expressions/exp/08F_SP_O.png,face_expressions/exp/22M_SP_C.png,face_expressions/exp/24M_SP_O.png,-1.4695761589768237e-14,-56.5685424949238,4.898587196589413e-15,80.0,-56.56854249492382,56.568542494923804,-80.0,56.56854249492379,-80.0,56.568542494923804,80.0,0.0,-56.5685424949238,56.568542494923804,9.797174393178826e-15,-56.56854249492382,IAPS_EXP/Neg_3500.jpg,NEG,AMB,EXP,0.5,j,0.25,0,TRUE
face_expressions/exp/35M_SP_O.png,face_expressions/exp/43M_SP_O.png,face_expressions/exp/22M_SP_C.png,face_expressions/exp/19F_SP_O.png,face_expressions/exp/41M_SP_O.png,face_expressions/exp/39M_SP_O.png,face_expressions/exp/09F_SP_O.png,face_expressions/exp/36M_SP_O.png,-56.56854249492382,80.0,56.568542494923804,-56.5685424949238,56.56854249492379,-1.4695761589768237e-14,-80.0,4.898587196589413e-15,-56.5685424949238,0.0,56.568542494923804,56.568542494923804,-56.56854249492382,-80.0,9.797174393178826e-15,80.0,IAPS_EXP/Neg_3530.jpg,NEG,AMB,EXP,0.5,j,0.25,0,TRUE
face_expressions/exp/07F_SP_O.png,face_expressions/exp/18F_SP_O.png,face_expressions/exp/35M_SP_O.png,face_expressions/exp/31M_SP_O.png,face_expressions/exp/23M_SP_O.png,face_expressions/exp/02F_SP_O.png,face_expressions/exp/13F_SP_O.png,face_expressions/exp/15F_SP_O.png,-80.0,-56.56854249492382,80.0,-1.4695761589768237e-14,56.56854249492379,-56.5685424949238,56.568542494923804,4.898587196589413e-15,9.797174393178826e-15,-56.5685424949238,0.0,-80.0,-56.56854249492382,56.568542494923804,56.568542494923804,80.0,IAPS_EXP/Neg_6022.jpg,NEG,AMB,EXP,0.5,j,0.25,0,TRUE
face_expressions/exp/22M_SP_O.png,face_expressions/exp/07F_SP_O.png,face_expressions/exp/33M_SP_O.png,face_expressions/exp/32M_SP_O.png,face_expressions/exp/12F_SP_O.png,face_expressions/exp/22M_SP_C.png,face_expressions/exp/19F_SP_O.png,face_expressions/exp/37M_SP_O.png,4.898587196589413e-15,56.56854249492379,80.0,-56.56854249492382,56.568542494923804,-80.0,-1.4695761589768237e-14,-56.5685424949238,80.0,-56.56854249492382,0.0,-56.5685424949238,56.568542494923804,9.797174393178826e-15,-80.0,56.568542494923804,IAPS_EXP/Neg_6230.jpg,NEG,AMB,EXP,0.5,j,0.25,0,TRUE
face_expressions/exp/13F_SP_O.png,face_expressions/exp/08F_SP_O.png,face_expressions/exp/14F_SP_O.png,face_expressions/exp/03F_SP_O.png,face_expressions/exp/26M_SP_O.png,face_expressions/exp/19F_SP_O.png,face_expressions/exp/24M_SP_O.png,face_expressions/exp/27M_SP_O.png,-56.56854249492382,-80.0,-1.4695761589768237e-14,56.568542494923804,4.898587196589413e-15,56.56854249492379,-56.5685424949238,80.0,-56.5685424949238,9.797174393178826e-15,-80.0,56.568542494923804,80.0,-56.56854249492382,56.568542494923804,0.0,IAPS_scrambled_EXP/scrambled_Neg_3102.jpg,SCR,AMB,EXP,0.5,j,0.25,0,TRUE
face_expressions/exp/24M_SP_O.png,face_expressions/exp/27M_SP_O.png,face_expressions/exp/33M_SP_O.png,face_expressions/exp/02F_SP_O.png,face_expressions/exp/15F_SP_C.png,face_expressions/exp/23M_SP_O.png,face_expressions/exp/35M_SP_O.png,face_expressions/exp/13F_SP_O.png,-56.5685424949238,56.568542494923804,80.0,-1.4695761589768237e-14,-56.56854249492382,56.56854249492379,-80.0,4.898587196589413e-15,56.568542494923804,56.568542494923804,0.0,-80.0,-56.5685424949238,-56.56854249492382,9.797174393178826e-15,80.0,IAPS_scrambled_EXP/scrambled_Neg_3103.jpg,SCR,AMB,EXP,0.5,j,0.25,0,TRUE
face_expressions/exp/19F_SP_O.png,face_expressions/exp/26M_SP_O.png,face_expressions/exp/05F_SP_O.png,face_expressions/exp/29M_SP_O.png,face_expressions/exp/24M_SP_O.png,face_expressions/exp/45M_SP_O.png,face_expressions/exp/36M_SP_O.png,face_expressions/exp/35M_SP_O.png,-56.5685424949238,-56.56854249492382,4.898587196589413e-15,56.568542494923804,80.0,-1.4695761589768237e-14,56.56854249492379,-80.0,56.568542494923804,-56.5685424949238,80.0,56.568542494923804,0.0,-80.0,-56.56854249492382,9.797174393178826e-15,IAPS_scrambled_EXP/scrambled_Neg_3110.jpg,SCR,AMB,EXP,0.5,j,0.25,0,TRUE
face_expressions/exp/22M_SP_O.png,face_expressions/exp/05F_SP_O.png,face_expressions/exp/15F_SP_C.png,face_expressions/exp/31M_SP_O.png,face_expressions/exp/07F_SP_O.png,face_expressions/exp/03F_SP_O.png,face_expressions/exp/22M_SP_C.png,face_expressions/exp/24M_SP_O.png,-56.56854249492382,56.568542494923804,-80.0,80.0,56.56854249492379,4.898587196589413e-15,-1.4695761589768237e-14,-56.5685424949238,-56.5685424949238,56.568542494923804,9.797174393178826e-15,0.0,-56.56854249492382,80.0,-80.0,56.568542494923804,IAPS_scrambled_EXP/scrambled_Neg_3120.jpg,SCR,AMB,EXP,0.5,j,0.25,0,TRUE
face_expressions/exp/03F_SP_O.png,face_expressions/exp/36M_SP_O.png,face_expressions/exp/39M_SP_O.png,face_expressions/exp/20M_SP_O.png,face_expressions/exp/25M_SP_O.png,face_expressions/exp/13F_SP_O.png,face_expressions/exp/16F_SP_O.png,face_expressions/exp/02F_SP_O.png,56.568542494923804,-80.0,-1.4695761589768237e-14,80.0,56.56854249492379,-56.56854249492382,4.898587196589413e-15,-56.5685424949238,56.568542494923804,9.797174393178826e-15,-80.0,0.0,-56.56854249492382,-56.5685424949238,80.0,56.568542494923804,IAPS_scrambled_EXP/scrambled_Neg_3130.jpg,SCR,AMB,EXP,0.5,j,0.25,0,TRUE
face_expressions/exp/35M_SP_O.png,face_expressions/exp/39M_SP_O.png,face_expressions/exp/23M_SP_O.png,face_expressions/exp/08F_SP_O.png,face_expressions/exp/32M_SP_O.png,face_expressions/exp/09F_SP_O.png,face_expressions/exp/22M_SP_O.png,face_expressions/exp/27M_SP_O.png,-56.5685424949238,-1.4695761589768237e-14,56.56854249492379,56.568542494923804,-80.0,-56.56854249492382,80.0,4.898587196589413e-15,56.568542494923804,-80.0,-56.56854249492382,56.568542494923804,9.797174393178826e-15,-56.5685424949238,0.0,80.0,IAPS_scrambled_EXP/scrambled_Neg_3131.jpg,SCR,AMB,EXP,0.5,j,0.25,0,TRUE
face_expressions/exp/20M_SP_O.png,face_expressions/exp/34M_SP_O.png,face_expressions/exp/24M_SP_O.png,face_expressions/exp/06F_SP_O.png,face_expressions/exp/03F_SP_O.png,face_expressions/exp/19F_SP_O.png,face_expressions/exp/07F_SP_O.png,face_expressions/exp/15F_SP_C.png,-80.0,56.568542494923804,-56.56854249492382,-1.4695761589768237e-14,80.0,-56.5685424949238,4.898587196589413e-15,56.56854249492379,9.797174393178826e-15,56.568542494923804,-56.5685424949238,-80.0,0.0,56.568542494923804,80.0,-56.56854249492382,IAPS_scrambled_EXP/scrambled_Neg_3140.jpg,SCR,AMB,EXP,0.5,j,0.25,0,TRUE
face_expressions/exp/29M_SP_O.png,face_expressions/exp/09F_SP_O.png,face_expressions/exp/16F_SP_O.png,face_expressions/exp/41M_SP_O.png,face_expressions/exp/32M_SP_O.png,face_expressions/exp/33M_SP_O.png,face_expressions/exp/22M_SP_O.png,face_expressions/exp/24M_SP_O.png,4.898587196589413e-15,56.568542494923804,-1.4695761589768237e-14,-56.5685424949238,-56.56854249492382,80.0,-80.0,56.56854249492379,80.0,56.568542494923804,-80.0,56.568542494923804,-56.5685424949238,0.0,9.797174393178826e-15,-56.56854249492382,IAPS_scrambled_EXP/scrambled_Neg_3150.jpg,SCR,AMB,EXP,0.5,j,0.25,0,TRUE
face_expressions/exp/19F_SP_O.png,face_expressions/exp/15F_SP_C.png,face_expressions/exp/02F_SP_O.png,face_expressions/exp/25M_SP_O.png,face_expressions/exp/26M_SP_O.png,face_expressions/exp/16F_SP_O.png,face_expressions/exp/23M_SP_O.png,face_expressions/exp/28M_SP_O.png,-56.56854249492382,-1.4695761589768237e-14,-56.5685424949238,4.898587196589413e-15,80.0,-80.0,56.56854249492379,56.568542494923804,-56.5685424949238,-80.0,56.568542494923804,80.0,0.0,9.797174393178826e-15,-56.56854249492382,56.568542494923804,IAPS_scrambled_EXP/scrambled_Neg_3168.jpg,SCR,AMB,EXP,0.5,j,0.25,0,TRUE
face_expressions/exp/26M_SP_O.png,face_expressions/exp/32M_SP_O.png,face_expressions/exp/24M_SP_O.png,face_expressions/exp/43M_SP_O.png,face_expressions/exp/13F_SP_O.png,face_expressions/exp/33M_SP_O.png,face_expressions/exp/15F_SP_C.png,face_expressions/exp/29M_SP_O.png,56.56854249492379,-56.56854249492382,-56.5685424949238,-80.0,-1.4695761589768237e-14,4.898587196589413e-15,56.568542494923804,80.0,-56.56854249492382,-56.5685424949238,56.568542494923804,9.797174393178826e-15,-80.0,80.0,56.568542494923804,0.0,IAPS_scrambled_EXP/scrambled_Neg_3170.jpg,SCR,AMB,EXP,0.5,j,0.25,0,TRUE
face_expressions/exp/14F_SP_O.png,face_expressions/exp/34M_SP_O.png,face_expressions/exp/43M_SP_O.png,face_expressions/exp/45M_SP_O.png,face_expressions/exp/08F_SP_O.png,face_expressions/exp/02F_SP_O.png,face_expressions/exp/03F_SP_O.png,face_expressions/exp/37M_SP_O.png,80.0,4.898587196589413e-15,-56.5685424949238,56.568542494923804,56.56854249492379,-80.0,-1.4695761589768237e-14,-56.56854249492382,0.0,80.0,56.568542494923804,56.568542494923804,-56.56854249492382,9.797174393178826e-15,-80.0,-56.5685424949238,IAPS_scrambled_EXP/scrambled_Neg_3191.jpg,SCR,AMB,EXP,0.5,j,0.25,0,TRUE
face_expressions/exp/13F_SP_O.png,face_expressions/exp/31M_SP_O.png,face_expressions/exp/28M_SP_O.png,face_expressions/exp/05F_SP_O.png,face_expressions/exp/41M_SP_O.png,face_expressions/exp/19F_SP_O.png,face_expressions/exp/03F_SP_O.png,face_expressions/exp/12F_SP_O.png,56.56854249492379,-56.56854249492382,-80.0,80.0,56.568542494923804,4.898587196589413e-15,-1.4695761589768237e-14,-56.5685424949238,-56.56854249492382,-56.5685424949238,9.797174393178826e-15,0.0,56.568542494923804,80.0,-80.0,56.568542494923804,IAPS_scrambled_EXP/scrambled_Neg_3195.jpg,SCR,AMB,EXP,0.5,j,0.25,0,TRUE
face_expressions/exp/34M_SP_O.png,face_expressions/exp/22M_SP_C.png,face_expressions/exp/28M_SP_O.png,face_expressions/exp/16F_SP_O.png,face_expressions/exp/19F_SP_O.png,face_expressions/exp/27M_SP_O.png,face_expressions/exp/08F_SP_O.png,face_expressions/exp/36M_SP_O.png,56.568542494923804,-80.0,80.0,56.56854249492379,-56.56854249492382,-56.5685424949238,4.898587196589413e-15,-1.4695761589768237e-14,56.568542494923804,9.797174393178826e-15,0.0,-56.56854249492382,-56.5685424949238,56.568542494923804,80.0,-80.0,IAPS_scrambled_EXP/scrambled_Neg_3225.jpg,SCR,AMB,EXP,0.5,j,0.25,0,TRUE
face_expressions/exp/24M_SP_O.png,face_expressions/exp/06F_SP_O.png,face_expressions/exp/08F_SP_O.png,face_expressions/exp/22M_SP_O.png,face_expressions/exp/05F_SP_O.png,face_expressions/exp/07F_SP_O.png,face_expressions/exp/15F_SP_C.png,face_expressions/exp/37M_SP_O.png,-56.56854249492382,-80.0,-1.4695761589768237e-14,-56.5685424949238,56.56854249492379,4.898587196589413e-15,80.0,56.568542494923804,-56.5685424949238,9.797174393178826e-15,-80.0,56.568542494923804,-56.56854249492382,80.0,0.0,56.568542494923804,IAPS_scrambled_EXP/scrambled_Neg_3261.jpg,SCR,AMB,EXP,0.5,j,0.25,0,TRUE
face_expressions/exp/18F_SP_O.png,face_expressions/exp/19F_SP_O.png,face_expressions/exp/15F_SP_C.png,face_expressions/exp/22M_SP_O.png,face_expressions/exp/35M_SP_O.png,face_expressions/exp/09F_SP_O.png,face_expressions/exp/24M_SP_O.png,face_expressions/exp/05F_SP_O.png,-56.56854249492382,-1.4695761589768237e-14,4.898587196589413e-15,56.56854249492379,56.568542494923804,-56.5685424949238,-80.0,80.0,-56.5685424949238,-80.0,80.0,-56.56854249492382,56.568542494923804,56.568542494923804,9.797174393178826e-15,0.0,IAPS_scrambled_EXP/scrambled_Neg_3266.jpg,SCR,AMB,EXP,0.5,j,0.25,0,TRUE
face_expressions/exp/28M_SP_O.png,face_expressions/exp/39M_SP_O.png,face_expressions/exp/08F_SP_O.png,face_expressions/exp/18F_SP_O.png,face_expressions/exp/33M_SP_O.png,face_expressions/exp/07F_SP_O.png,face_expressions/exp/27M_SP_O.png,face_expressions/exp/23M_SP_O.png,56.568542494923804,56.56854249492379,-56.56854249492382,-56.5685424949238,4.898587196589413e-15,80.0,-1.4695761589768237e-14,-80.0,56.568542494923804,-56.56854249492382,-56.5685424949238,56.568542494923804,80.0,0.0,-80.0,9.797174393178826e-15,IAPS_scrambled_EXP/scrambled_Neg_3400.jpg,SCR,AMB,EXP,0.5,j,0.25,0,TRUE
face_expressions/exp/03F_SP_O.png,face_expressions/exp/32M_SP_O.png,face_expressions/exp/22M_SP_C.png,face_expressions/exp/45M_SP_O.png,face_expressions/exp/25M_SP_O.png,face_expressions/exp/08F_SP_O.png,face_expressions/exp/15F_SP_O.png,face_expressions/exp/31M_SP_O.png,80.0,-56.5685424949238,56.56854249492379,-80.0,4.898587196589413e-15,-56.56854249492382,56.568542494923804,-1.4695761589768237e-14,0.0,56.568542494923804,-56.56854249492382,9.797174393178826e-15,80.0,-56.5685424949238,56.568542494923804,-80.0,IAPS_scrambled_EXP/scrambled_Neg_3500.jpg,SCR,AMB,EXP,0.5,j,0.25,0,TRUE
face_expressions/exp/35M_SP_O.png,face_expressions/exp/29M_SP_O.png,face_expressions/exp/15F_SP_O.png,face_expressions/exp/05F_SP_O.png,face_expressions/exp/19F_SP_O.png,face_expressions/exp/26M_SP_O.png,face_expressions/exp/08F_SP_O.png,face_expressions/exp/14F_SP_O.png,56.56854249492379,56.568542494923804,-80.0,-1.4695761589768237e-14,-56.5685424949238,80.0,-56.56854249492382,4.898587196589413e-15,-56.56854249492382,56.568542494923804,9.797174393178826e-15,-80.0,56.568542494923804,0.0,-56.5685424949238,80.0,IAPS_scrambled_EXP/scrambled_Neg_3530.jpg,SCR,AMB,EXP,0.5,j,0.25,0,TRUE
face_expressions/exp/12F_SP_O.png,face_expressions/exp/14F_SP_O.png,face_expressions/exp/37M_SP_O.png,face_expressions/exp/16F_SP_O.png,face_expressions/exp/06F_SP_O.png,face_expressions/exp/05F_SP_O.png,face_expressions/exp/32M_SP_O.png,face_expressions/exp/15F_SP_O.png,-56.5685424949238,-56.56854249492382,56.568542494923804,4.898587196589413e-15,-1.4695761589768237e-14,56.56854249492379,-80.0,80.0,56.568542494923804,-56.5685424949238,56.568542494923804,80.0,-80.0,-56.56854249492382,9.797174393178826e-15,0.0,IAPS_scrambled_EXP/scrambled_Neg_6022.jpg,SCR,AMB,EXP,0.5,j,0.25,0,TRUE
face_expressions/exp/23M_SP_O.png,face_expressions/exp/28M_SP_O.png,face_expressions/exp/27M_SP_O.png,face_expressions/exp/33M_SP_O.png,face_expressions/exp/08F_SP_O.png,face_expressions/exp/43M_SP_O.png,face_expressions/exp/12F_SP_O.png,face_expressions/exp/36M_SP_O.png,-56.5685424949238,80.0,56.56854249492379,-1.4695761589768237e-14,4.898587196589413e-15,-56.56854249492382,-80.0,56.568542494923804,56.568542494923804,0.0,-56.56854249492382,-80.0,80.0,-56.5685424949238,9.797174393178826e-15,56.568542494923804,IAPS_scrambled_EXP/scrambled_Neg_6230.jpg,SCR,AMB,EXP,0.5,j,0.25,0,TRUE
