IMG1,IMG2,IMG3,IMG4,IMG5,IMG6,IMG7,IMG8,X1,X2,X3,X4,X5,X6,X7,X8,Y1,Y2,Y3,Y4,Y5,Y6,Y7,Y8,priming,prime_cond,target_cond,TrialType,time,KeyPress_PT,Plus_x,Plus_y,StartEXP
face_expressions/training/10F_HA_C.png,face_expressions/training/38M_HA_O.png,face_expressions/training/01F_HA_C.png,face_expressions/training/40M_HA_C.png,face_expressions/training/10F_HA_O.png,face_expressions/training/11F_HA_C.png,face_expressions/training/21M_HA_C.png,face_expressions/training/11F_HA_O.png,80.0,4.898587196589413e-15,56.56854249492379,-56.56854249492382,-56.5685424949238,56.568542494923804,-1.4695761589768237e-14,-80.0,0.0,80.0,-56.56854249492382,-56.5685424949238,56.568542494923804,56.568542494923804,-80.0,9.797174393178826e-15,IAPS_TRAIN/training_1050.jpg,POS,POS,FILLER,0.5,f,-0.25,0,FALSE
face_expressions/training/40M_HA_C.png,face_expressions/training/38M_HA_O.png,face_expressions/training/21M_HA_C.png,face_expressions/training/17F_HA_O.png,face_expressions/training/17F_HA_C.png,face_expressions/training/01F_HA_O.png,face_expressions/training/42M_HA_O.png,face_expressions/training/11F_HA_O.png,-56.5685424949238,56.568542494923804,4.898587196589413e-15,-80.0,80.0,-1.4695761589768237e-14,56.56854249492379,-56.56854249492382,56.568542494923804,56.568542494923804,80.0,9.797174393178826e-15,0.0,-80.0,-56.56854249492382,-56.5685424949238,IAPS_TRAIN/training_1659.jpg,NEG,POS,FILLER,0.5,f,-0.25,0,FALSE
face_expressions/training/11F_AN_C.png,face_expressions/training/30M_AN_O.png,face_expressions/training/01F_AN_c.png,face_expressions/training/17F_AN_O.png,face_expressions/training/21M_AN_O.png,face_expressions/training/10F_AN_C.png,face_expressions/training/42M_AN_O.png,face_expressions/training/38M_AN_C.png,80.0,-56.56854249492382,-80.0,-56.5685424949238,56.56854249492379,4.898587196589413e-15,56.568542494923804,-1.4695761589768237e-14,0.0,-56.5685424949238,9.797174393178826e-15,56.568542494923804,-56.56854249492382,80.0,56.568542494923804,-80.0,IAPS_TRAIN/training_1660.jpg,POS,NEG,FILLER,0.5,f,-0.25,0,FALSE
face_expressions/training/17F_AN_C.png,face_expressions/training/17F_AN_O.png,face_expressions/training/01F_AN_c.png,face_expressions/training/30M_AN_C.png,face_expressions/training/11F_AN_C.png,face_expressions/training/38M_AN_C.png,face_expressions/training/11F_AN_O.png,face_expressions/training/38M_AN_O.png,-1.4695761589768237e-14,56.56854249492379,-80.0,80.0,-56.56854249492382,56.568542494923804,-56.5685424949238,4.898587196589413e-15,-80.0,-56.56854249492382,9.797174393178826e-15,0.0,-56.5685424949238,56.568542494923804,56.568542494923804,80.0,IAPS_TRAIN/training_1720.jpg,NEG,NEG,FILLER,0.5,f,-0.25,0,FALSE
face_expressions/training/38M_AN_C.png,face_expressions/training/10F_AN_C.png,face_expressions/training/01F_AN_c.png,face_expressions/training/10F_AN_O.png,face_expressions/training/01F_AN_O.png,face_expressions/training/40M_AN_O.png,face_expressions/training/21M_AN_O.png,face_expressions/training/42M_AN_O.png,80.0,4.898587196589413e-15,-56.56854249492382,-80.0,56.568542494923804,-56.5685424949238,-1.4695761589768237e-14,56.56854249492379,0.0,80.0,-56.5685424949238,9.797174393178826e-15,56.568542494923804,56.568542494923804,-80.0,-56.56854249492382,IAPS_scrambled_TRAIN/scrambled_training_1050.jpg,SCR,NEG,FILLER,0.5,f,-0.25,0,FALSE
face_expressions/training/42M_HA_O.png,face_expressions/training/38M_HA_O.png,face_expressions/training/42M_HA_C.png,face_expressions/training/40M_HA_O.png,face_expressions/training/30M_HA_C.png,face_expressions/training/30M_HA_O.png,face_expressions/training/21M_HA_C.png,face_expressions/training/17F_HA_C.png,4.898587196589413e-15,-80.0,80.0,-56.5685424949238,-1.4695761589768237e-14,56.56854249492379,-56.56854249492382,56.568542494923804,80.0,9.797174393178826e-15,0.0,56.568542494923804,-80.0,-56.56854249492382,-56.5685424949238,56.568542494923804,IAPS_scrambled_TRAIN/scrambled_training_1660.jpg,SCR,POS,FILLER,0.5,f,-0.25,0,FALSE
face_expressions/training/40M_SP_O.png,face_expressions/training/30M_SP_O.png,face_expressions/training/10F_SP_O.png,face_expressions/training/11F_SP_O.png,face_expressions/training/42M_SP_O.png,face_expressions/training/17F_SP_O.png,face_expressions/training/38M_SP_O.png,face_expressions/training/01F_SP_O.png,-56.56854249492382,56.56854249492379,4.898587196589413e-15,-1.4695761589768237e-14,56.568542494923804,-56.5685424949238,80.0,-80.0,-56.5685424949238,-56.56854249492382,80.0,-80.0,56.568542494923804,56.568542494923804,0.0,9.797174393178826e-15,IAPS_TRAIN/training_1850.jpg,POS,AMB,EXP,0.5,f,-0.25,0,FALSE
face_expressions/training/38M_SP_O.png,face_expressions/training/17F_SP_O.png,face_expressions/training/01F_SP_O.png,face_expressions/training/11F_SP_O.png,face_expressions/training/42M_SP_O.png,face_expressions/training/30M_SP_O.png,face_expressions/training/10F_SP_O.png,face_expressions/training/40M_SP_O.png,56.568542494923804,-56.56854249492382,-80.0,80.0,56.56854249492379,4.898587196589413e-15,-1.4695761589768237e-14,-56.5685424949238,56.568542494923804,-56.5685424949238,9.797174393178826e-15,0.0,-56.56854249492382,80.0,-80.0,56.568542494923804,IAPS_TRAIN/training_1999.jpg,POS,AMB,EXP,0.5,f,-0.25,0,FALSE
face_expressions/training/21M_SP_O.png,face_expressions/training/38M_SP_O.png,face_expressions/training/11F_SP_O.png,face_expressions/training/17F_SP_O.png,face_expressions/training/30M_SP_O.png,face_expressions/training/42M_SP_O.png,face_expressions/training/40M_SP_O.png,face_expressions/training/10F_SP_O.png,-56.56854249492382,56.568542494923804,56.56854249492379,-80.0,-56.5685424949238,80.0,4.898587196589413e-15,-1.4695761589768237e-14,-56.5685424949238,56.568542494923804,-56.56854249492382,9.797174393178826e-15,56.568542494923804,0.0,80.0,-80.0,IAPS_TRAIN/training_2025.jpg,NEG,AMB,EXP,0.5,f,-0.25,0,FALSE
face_expressions/training/38M_SP_O.png,face_expressions/training/21M_SP_O.png,face_expressions/training/10F_SP_O.png,face_expressions/training/17F_SP_O.png,face_expressions/training/01F_SP_O.png,face_expressions/training/42M_SP_O.png,face_expressions/training/40M_SP_O.png,face_expressions/training/30M_SP_O.png,56.56854249492379,-56.56854249492382,-1.4695761589768237e-14,-80.0,56.568542494923804,-56.5685424949238,80.0,4.898587196589413e-15,-56.56854249492382,-56.5685424949238,-80.0,9.797174393178826e-15,56.568542494923804,56.568542494923804,0.0,80.0,IAPS_TRAIN/training_2035.jpg,NEG,AMB,EXP,0.5,f,-0.25,0,FALSE
face_expressions/training/17F_SP_O.png,face_expressions/training/21M_SP_O.png,face_expressions/training/42M_SP_O.png,face_expressions/training/40M_SP_O.png,face_expressions/training/30M_SP_O.png,face_expressions/training/11F_SP_O.png,face_expressions/training/10F_SP_O.png,face_expressions/training/38M_SP_O.png,-1.4695761589768237e-14,-56.5685424949238,56.568542494923804,-56.56854249492382,56.56854249492379,80.0,-80.0,4.898587196589413e-15,-80.0,56.568542494923804,56.568542494923804,-56.5685424949238,-56.56854249492382,0.0,9.797174393178826e-15,80.0,IAPS_scrambled_TRAIN/scrambled_training_1720.jpg,SCR,AMB,EXP,0.5,f,-0.25,0,FALSE
face_expressions/training/11F_SP_O.png,face_expressions/training/40M_SP_O.png,face_expressions/training/38M_SP_O.png,face_expressions/training/42M_SP_O.png,face_expressions/training/01F_SP_O.png,face_expressions/training/10F_SP_O.png,face_expressions/training/21M_SP_O.png,face_expressions/training/17F_SP_O.png,-80.0,4.898587196589413e-15,-1.4695761589768237e-14,80.0,56.568542494923804,-56.56854249492382,56.56854249492379,-56.5685424949238,9.797174393178826e-15,80.0,-80.0,0.0,56.568542494923804,-56.5685424949238,-56.56854249492382,56.568542494923804,IAPS_scrambled_TRAIN/scrambled_training_1850.jpg,SCR,AMB,EXP,0.5,f,-0.25,0,FALSE
