IMG1,IMG2,IMG3,IMG4,IMG5,IMG6,IMG7,IMG8,X1,X2,X3,X4,X5,X6,X7,X8,Y1,Y2,Y3,Y4,Y5,Y6,Y7,Y8,priming,prime_cond,target_cond,TrialType,time,KeyPress_PT,Plus_x,Plus_y,StartEXP
face_expressions/exp/09F_HA_C.png,face_expressions/exp/25M_HA_C.png,face_expressions/exp/20M_HA_C.png,face_expressions/exp/18F_HA_O.png,face_expressions/exp/31M_HA_C.png,face_expressions/exp/03F_HA_C.png,face_expressions/exp/35M_HA_O.png,face_expressions/exp/27M_HA_O.png,80.0,56.56854249492379,56.568542494923804,-80.0,-1.4695761589768237e-14,4.898587196589413e-15,-56.5685424949238,-56.56854249492382,0.0,-56.56854249492382,56.568542494923804,9.797174393178826e-15,-80.0,80.0,56.568542494923804,-56.5685424949238,IAPS_XTRA/Pos_1811.jpg,POS,POS,FILLER,0.5,f,-0.25,0,TRUE
face_expressions/exp/26M_HA_C.png,face_expressions/exp/09F_HA_C.png,face_expressions/exp/34M_HA_O.png,face_expressions/exp/16F_HA_C.png,face_expressions/exp/41M_HA_C.png,face_expressions/exp/19F_HA_O.png,face_expressions/exp/22M_HA_O.png,face_expressions/exp/45M_HA_O.png,4.898587196589413e-15,-80.0,-56.56854249492382,80.0,56.56854249492379,-56.5685424949238,56.568542494923804,-1.4695761589768237e-14,80.0,9.797174393178826e-15,-56.5685424949238,0.0,-56.56854249492382,56.568542494923804,56.568542494923804,-80.0,IAPS_XTRA/Pos_2080.jpg,POS,POS,FILLER,0.5,f,-0.25,0,TRUE
face_expressions/exp/05F_HA_O.png,face_expressions/exp/16F_HA_O.png,face_expressions/exp/07F_HA_O.png,face_expressions/exp/08F_HA_O.png,face_expressions/exp/06F_HA_O.png,face_expressions/exp/22M_HA_O.png,face_expressions/exp/34M_HA_O.png,face_expressions/exp/26M_HA_C.png,4.898587196589413e-15,-80.0,-56.56854249492382,56.56854249492379,80.0,-1.4695761589768237e-14,56.568542494923804,-56.5685424949238,80.0,9.797174393178826e-15,-56.5685424949238,-56.56854249492382,0.0,-80.0,56.568542494923804,56.568542494923804,IAPS_XTRA/Neg_2683.jpg,NEG,POS,FILLER,0.5,f,-0.25,0,TRUE
face_expressions/exp/29M_HA_C.png,face_expressions/exp/22M_HA_O.png,face_expressions/exp/24M_HA_O.png,face_expressions/exp/28M_HA_C.png,face_expressions/exp/33M_HA_O.png,face_expressions/exp/09F_HA_O.png,face_expressions/exp/45M_HA_C.png,face_expressions/exp/12F_HA_O.png,-56.5685424949238,80.0,4.898587196589413e-15,-80.0,56.56854249492379,56.568542494923804,-1.4695761589768237e-14,-56.56854249492382,56.568542494923804,0.0,80.0,9.797174393178826e-15,-56.56854249492382,56.568542494923804,-80.0,-56.5685424949238,IAPS_XTRA/Neg_3180.jpg,NEG,POS,FILLER,0.5,f,-0.25,0,TRUE
face_expressions/exp/08F_AN_C.png,face_expressions/exp/09F_AN_O.png,face_expressions/exp/24M_AN_O.png,face_expressions/exp/24M_AN_C.png,face_expressions/exp/45M_AN_C.png,face_expressions/exp/19F_AN_C.png,face_expressions/exp/36M_AN_C.png,face_expressions/exp/45M_AN_O.png,-56.56854249492382,56.56854249492379,80.0,4.898587196589413e-15,-1.4695761589768237e-14,-80.0,56.568542494923804,-56.5685424949238,-56.5685424949238,-56.56854249492382,0.0,80.0,-80.0,9.797174393178826e-15,56.568542494923804,56.568542494923804,IAPS_XTRA/Pos_2160.jpg,POS,NEG,FILLER,0.5,f,-0.25,0,TRUE
face_expressions/exp/32M_AN_O.png,face_expressions/exp/18F_AN_C.png,face_expressions/exp/28M_AN_C.png,face_expressions/exp/27M_AN_C.png,face_expressions/exp/24M_AN_C.png,face_expressions/exp/06F_AN_C.png,face_expressions/exp/31M_AN_O.png,face_expressions/exp/19F_AN_C.png,56.568542494923804,-56.56854249492382,-56.5685424949238,80.0,-1.4695761589768237e-14,-80.0,4.898587196589413e-15,56.56854249492379,56.568542494923804,-56.5685424949238,56.568542494923804,0.0,-80.0,9.797174393178826e-15,80.0,-56.56854249492382,IAPS_XTRA/Pos_2345.jpg,POS,NEG,FILLER,0.5,f,-0.25,0,TRUE
face_expressions/exp/20M_AN_C.png,face_expressions/exp/07F_AN_C.png,face_expressions/exp/28M_AN_O.png,face_expressions/exp/22M_AN_O.png,face_expressions/exp/29M_AN_C.png,face_expressions/exp/06F_AN_O.png,face_expressions/exp/18F_AN_C.png,face_expressions/exp/12F_AN_O.png,4.898587196589413e-15,-56.56854249492382,80.0,-56.5685424949238,56.568542494923804,56.56854249492379,-80.0,-1.4695761589768237e-14,80.0,-56.5685424949238,0.0,56.568542494923804,56.568542494923804,-56.56854249492382,9.797174393178826e-15,-80.0,IAPS_XTRA/Neg_3212.jpg,NEG,NEG,FILLER,0.5,f,-0.25,0,TRUE
face_expressions/exp/06F_AN_C.png,face_expressions/exp/15F_AN_C.png,face_expressions/exp/35M_AN_C.png,face_expressions/exp/36M_AN_C.png,face_expressions/exp/27M_AN_O.png,face_expressions/exp/16F_AN_C.png,face_expressions/exp/28M_AN_C.png,face_expressions/exp/12F_AN_C.png,-56.5685424949238,-56.56854249492382,56.56854249492379,80.0,4.898587196589413e-15,56.568542494923804,-80.0,-1.4695761589768237e-14,56.568542494923804,-56.5685424949238,-56.56854249492382,0.0,80.0,56.568542494923804,9.797174393178826e-15,-80.0,IAPS_XTRA/Neg_3213.jpg,NEG,NEG,FILLER,0.5,f,-0.25,0,TRUE
face_expressions/exp/29M_AN_C.png,face_expressions/exp/14F_AN_O.png,face_expressions/exp/29M_AN_O.png,face_expressions/exp/37M_AN_O.png,face_expressions/exp/06F_AN_O.png,face_expressions/exp/15F_AN_O.png,face_expressions/exp/22M_AN_C.png,face_expressions/exp/32M_AN_C.png,4.898587196589413e-15,80.0,-80.0,56.568542494923804,56.56854249492379,-56.5685424949238,-1.4695761589768237e-14,-56.56854249492382,80.0,0.0,9.797174393178826e-15,56.568542494923804,-56.56854249492382,56.568542494923804,-80.0,-56.5685424949238,IAPS_scrambled_XTRA/scrambled_Neg_2683.jpg,SCR,NEG,FILLER,0.5,f,-0.25,0,TRUE
face_expressions/exp/35M_AN_O.png,face_expressions/exp/13F_AN_C.png,face_expressions/exp/28M_AN_C.png,face_expressions/exp/24M_AN_O.png,face_expressions/exp/07F_AN_C.png,face_expressions/exp/33M_AN_C.png,face_expressions/exp/16F_AN_C.png,face_expressions/exp/28M_AN_O.png,80.0,4.898587196589413e-15,-56.56854249492382,-80.0,56.56854249492379,56.568542494923804,-1.4695761589768237e-14,-56.5685424949238,0.0,80.0,-56.5685424949238,9.797174393178826e-15,-56.56854249492382,56.568542494923804,-80.0,56.568542494923804,IAPS_scrambled_XTRA/scrambled_Neg_3180.jpg,SCR,NEG,FILLER,0.5,f,-0.25,0,TRUE
face_expressions/exp/29M_HA_C.png,face_expressions/exp/06F_HA_C.png,face_expressions/exp/15F_HA_O.png,face_expressions/exp/22M_HA_C.png,face_expressions/exp/06F_HA_O.png,face_expressions/exp/16F_HA_C.png,face_expressions/exp/19F_HA_C.png,face_expressions/exp/39M_HA_O.png,-56.5685424949238,-1.4695761589768237e-14,56.568542494923804,80.0,56.56854249492379,-56.56854249492382,-80.0,4.898587196589413e-15,56.568542494923804,-80.0,56.568542494923804,0.0,-56.56854249492382,-56.5685424949238,9.797174393178826e-15,80.0,IAPS_scrambled_XTRA/scrambled_Neg_3212.jpg,SCR,POS,FILLER,0.5,f,-0.25,0,TRUE
face_expressions/exp/14F_HA_C.png,face_expressions/exp/03F_HA_C.png,face_expressions/exp/41M_HA_C.png,face_expressions/exp/08F_HA_C.png,face_expressions/exp/02F_HA_C.png,face_expressions/exp/24M_HA_O.png,face_expressions/exp/08F_HA_O.png,face_expressions/exp/14F_HA_O.png,4.898587196589413e-15,-56.56854249492382,-56.5685424949238,56.56854249492379,-80.0,-1.4695761589768237e-14,80.0,56.568542494923804,80.0,-56.5685424949238,56.568542494923804,-56.56854249492382,9.797174393178826e-15,-80.0,0.0,56.568542494923804,IAPS_scrambled_XTRA/scrambled_Neg_3213.jpg,SCR,POS,FILLER,0.5,f,-0.25,0,TRUE
face_expressions/exp/12F_SP_O.png,face_expressions/exp/34M_SP_O.png,face_expressions/exp/07F_SP_O.png,face_expressions/exp/22M_SP_O.png,face_expressions/exp/19F_SP_O.png,face_expressions/exp/03F_SP_O.png,face_expressions/exp/06F_SP_O.png,face_expressions/exp/39M_SP_O.png,-56.56854249492382,-56.5685424949238,-1.4695761589768237e-14,56.56854249492379,56.568542494923804,4.898587196589413e-15,-80.0,80.0,-56.5685424949238,56.568542494923804,-80.0,-56.56854249492382,56.568542494923804,80.0,9.797174393178826e-15,0.0,IAPS_EXP/Pos_1650.jpg,POS,AMB,EXP,0.5,f,-0.25,0,TRUE
face_expressions/exp/18F_SP_O.png,face_expressions/exp/22M_SP_C.png,face_expressions/exp/41M_SP_O.png,face_expressions/exp/39M_SP_O.png,face_expressions/exp/15F_SP_O.png,face_expressions/exp/22M_SP_O.png,face_expressions/exp/16F_SP_O.png,face_expressions/exp/32M_SP_O.png,-1.4695761589768237e-14,56.56854249492379,56.568542494923804,-56.56854249492382,80.0,-56.5685424949238,-80.0,4.898587196589413e-15,-80.0,-56.56854249492382,56.568542494923804,-56.5685424949238,0.0,56.568542494923804,9.797174393178826e-15,80.0,IAPS_EXP/Pos_1710.jpg,POS,AMB,EXP,0.5,f,-0.25,0,TRUE
face_expressions/exp/20M_SP_O.png,face_expressions/exp/26M_SP_O.png,face_expressions/exp/41M_SP_O.png,face_expressions/exp/02F_SP_O.png,face_expressions/exp/12F_SP_O.png,face_expressions/exp/05F_SP_O.png,face_expressions/exp/07F_SP_O.png,face_expressions/exp/24M_SP_O.png,-1.4695761589768237e-14,4.898587196589413e-15,80.0,56.568542494923804,-80.0,56.56854249492379,-56.5685424949238,-56.56854249492382,-80.0,80.0,0.0,56.568542494923804,9.797174393178826e-15,-56.56854249492382,56.568542494923804,-56.5685424949238,IAPS_EXP/Pos_2045.jpg,POS,AMB,EXP,0.5,f,-0.25,0,TRUE
face_expressions/exp/22M_SP_O.png,face_expressions/exp/33M_SP_O.png,face_expressions/exp/20M_SP_O.png,face_expressions/exp/28M_SP_O.png,face_expressions/exp/27M_SP_O.png,face_expressions/exp/15F_SP_O.png,face_expressions/exp/02F_SP_O.png,face_expressions/exp/23M_SP_O.png,-56.5685424949238,56.568542494923804,-1.4695761589768237e-14,4.898587196589413e-15,-80.0,80.0,56.56854249492379,-56.56854249492382,56.568542494923804,56.568542494923804,-80.0,80.0,9.797174393178826e-15,0.0,-56.56854249492382,-56.5685424949238,IAPS_EXP/Pos_2058.jpg,POS,AMB,EXP,0.5,f,-0.25,0,TRUE
face_expressions/exp/22M_SP_O.png,face_expressions/exp/12F_SP_O.png,face_expressions/exp/06F_SP_O.png,face_expressions/exp/15F_SP_O.png,face_expressions/exp/27M_SP_O.png,face_expressions/exp/32M_SP_O.png,face_expressions/exp/29M_SP_O.png,face_expressions/exp/05F_SP_O.png,-56.56854249492382,4.898587196589413e-15,56.56854249492379,-80.0,-1.4695761589768237e-14,80.0,56.568542494923804,-56.5685424949238,-56.5685424949238,80.0,-56.56854249492382,9.797174393178826e-15,-80.0,0.0,56.568542494923804,56.568542494923804,IAPS_EXP/Pos_2071.jpg,POS,AMB,EXP,0.5,f,-0.25,0,TRUE
face_expressions/exp/03F_SP_O.png,face_expressions/exp/19F_SP_O.png,face_expressions/exp/15F_SP_O.png,face_expressions/exp/41M_SP_O.png,face_expressions/exp/02F_SP_O.png,face_expressions/exp/16F_SP_O.png,face_expressions/exp/05F_SP_O.png,face_expressions/exp/12F_SP_O.png,-80.0,4.898587196589413e-15,-56.5685424949238,56.56854249492379,80.0,-1.4695761589768237e-14,-56.56854249492382,56.568542494923804,9.797174393178826e-15,80.0,56.568542494923804,-56.56854249492382,0.0,-80.0,-56.5685424949238,56.568542494923804,IAPS_EXP/Pos_2150.jpg,POS,AMB,EXP,0.5,f,-0.25,0,TRUE
face_expressions/exp/05F_SP_O.png,face_expressions/exp/16F_SP_O.png,face_expressions/exp/29M_SP_O.png,face_expressions/exp/28M_SP_O.png,face_expressions/exp/14F_SP_O.png,face_expressions/exp/43M_SP_O.png,face_expressions/exp/09F_SP_O.png,face_expressions/exp/15F_SP_O.png,-1.4695761589768237e-14,-56.5685424949238,-56.56854249492382,80.0,56.56854249492379,-80.0,56.568542494923804,4.898587196589413e-15,-80.0,56.568542494923804,-56.5685424949238,0.0,-56.56854249492382,9.797174393178826e-15,56.568542494923804,80.0,IAPS_EXP/Pos_2208.jpg,POS,AMB,EXP,0.5,f,-0.25,0,TRUE
face_expressions/exp/31M_SP_O.png,face_expressions/exp/45M_SP_O.png,face_expressions/exp/06F_SP_O.png,face_expressions/exp/14F_SP_O.png,face_expressions/exp/19F_SP_O.png,face_expressions/exp/08F_SP_O.png,face_expressions/exp/32M_SP_O.png,face_expressions/exp/25M_SP_O.png,-1.4695761589768237e-14,80.0,4.898587196589413e-15,-80.0,56.56854249492379,-56.5685424949238,-56.56854249492382,56.568542494923804,-80.0,0.0,80.0,9.797174393178826e-15,-56.56854249492382,56.568542494923804,-56.5685424949238,56.568542494923804,IAPS_EXP/Pos_2209.jpg,POS,AMB,EXP,0.5,f,-0.25,0,TRUE
face_expressions/exp/35M_SP_O.png,face_expressions/exp/15F_SP_O.png,face_expressions/exp/29M_SP_O.png,face_expressions/exp/16F_SP_O.png,face_expressions/exp/22M_SP_O.png,face_expressions/exp/23M_SP_O.png,face_expressions/exp/24M_SP_O.png,face_expressions/exp/18F_SP_O.png,-1.4695761589768237e-14,80.0,56.56854249492379,56.568542494923804,4.898587196589413e-15,-80.0,-56.56854249492382,-56.5685424949238,-80.0,0.0,-56.56854249492382,56.568542494923804,80.0,9.797174393178826e-15,-56.5685424949238,56.568542494923804,IAPS_EXP/Pos_2216.jpg,POS,AMB,EXP,0.5,f,-0.25,0,TRUE
face_expressions/exp/33M_SP_O.png,face_expressions/exp/16F_SP_O.png,face_expressions/exp/34M_SP_O.png,face_expressions/exp/05F_SP_O.png,face_expressions/exp/39M_SP_O.png,face_expressions/exp/02F_SP_O.png,face_expressions/exp/22M_SP_C.png,face_expressions/exp/09F_SP_O.png,-56.5685424949238,56.56854249492379,56.568542494923804,4.898587196589413e-15,-80.0,80.0,-1.4695761589768237e-14,-56.56854249492382,56.568542494923804,-56.56854249492382,56.568542494923804,80.0,9.797174393178826e-15,0.0,-80.0,-56.5685424949238,IAPS_EXP/Pos_2340.jpg,POS,AMB,EXP,0.5,f,-0.25,0,TRUE
face_expressions/exp/18F_SP_O.png,face_expressions/exp/45M_SP_O.png,face_expressions/exp/16F_SP_O.png,face_expressions/exp/15F_SP_C.png,face_expressions/exp/02F_SP_O.png,face_expressions/exp/12F_SP_O.png,face_expressions/exp/03F_SP_O.png,face_expressions/exp/08F_SP_O.png,-56.5685424949238,4.898587196589413e-15,-80.0,-1.4695761589768237e-14,56.568542494923804,-56.56854249492382,56.56854249492379,80.0,56.568542494923804,80.0,9.797174393178826e-15,-80.0,56.568542494923804,-56.5685424949238,-56.56854249492382,0.0,IAPS_EXP/Pos_2347.jpg,POS,AMB,EXP,0.5,f,-0.25,0,TRUE
face_expressions/exp/02F_SP_O.png,face_expressions/exp/06F_SP_O.png,face_expressions/exp/32M_SP_O.png,face_expressions/exp/20M_SP_O.png,face_expressions/exp/36M_SP_O.png,face_expressions/exp/26M_SP_O.png,face_expressions/exp/03F_SP_O.png,face_expressions/exp/41M_SP_O.png,-80.0,56.568542494923804,80.0,-56.56854249492382,-1.4695761589768237e-14,56.56854249492379,4.898587196589413e-15,-56.5685424949238,9.797174393178826e-15,56.568542494923804,0.0,-56.5685424949238,-80.0,-56.56854249492382,80.0,56.568542494923804,IAPS_EXP/Pos_4290.jpg,POS,AMB,EXP,0.5,f,-0.25,0,TRUE
face_expressions/exp/16F_SP_O.png,face_expressions/exp/09F_SP_O.png,face_expressions/exp/32M_SP_O.png,face_expressions/exp/15F_SP_O.png,face_expressions/exp/25M_SP_O.png,face_expressions/exp/03F_SP_O.png,face_expressions/exp/29M_SP_O.png,face_expressions/exp/20M_SP_O.png,-80.0,-56.56854249492382,4.898587196589413e-15,-1.4695761589768237e-14,56.56854249492379,80.0,56.568542494923804,-56.5685424949238,9.797174393178826e-15,-56.5685424949238,80.0,-80.0,-56.56854249492382,0.0,56.568542494923804,56.568542494923804,IAPS_EXP/Pos_4311.jpg,POS,AMB,EXP,0.5,f,-0.25,0,TRUE
face_expressions/exp/41M_SP_O.png,face_expressions/exp/34M_SP_O.png,face_expressions/exp/08F_SP_O.png,face_expressions/exp/13F_SP_O.png,face_expressions/exp/32M_SP_O.png,face_expressions/exp/39M_SP_O.png,face_expressions/exp/15F_SP_C.png,face_expressions/exp/09F_SP_O.png,56.568542494923804,-56.5685424949238,-80.0,-56.56854249492382,80.0,-1.4695761589768237e-14,56.56854249492379,4.898587196589413e-15,56.568542494923804,56.568542494923804,9.797174393178826e-15,-56.5685424949238,0.0,-80.0,-56.56854249492382,80.0,IAPS_EXP/Pos_4597.jpg,POS,AMB,EXP,0.5,f,-0.25,0,TRUE
face_expressions/exp/45M_SP_O.png,face_expressions/exp/22M_SP_O.png,face_expressions/exp/13F_SP_O.png,face_expressions/exp/12F_SP_O.png,face_expressions/exp/02F_SP_O.png,face_expressions/exp/29M_SP_O.png,face_expressions/exp/23M_SP_O.png,face_expressions/exp/15F_SP_C.png,-80.0,56.56854249492379,4.898587196589413e-15,-56.56854249492382,-56.5685424949238,56.568542494923804,80.0,-1.4695761589768237e-14,9.797174393178826e-15,-56.56854249492382,80.0,-56.5685424949238,56.568542494923804,56.568542494923804,0.0,-80.0,IAPS_EXP/Pos_4607.jpg,POS,AMB,EXP,0.5,f,-0.25,0,TRUE
face_expressions/exp/15F_SP_C.png,face_expressions/exp/06F_SP_O.png,face_expressions/exp/45M_SP_O.png,face_expressions/exp/08F_SP_O.png,face_expressions/exp/35M_SP_O.png,face_expressions/exp/24M_SP_O.png,face_expressions/exp/26M_SP_O.png,face_expressions/exp/05F_SP_O.png,-56.56854249492382,4.898587196589413e-15,-1.4695761589768237e-14,80.0,56.568542494923804,-56.5685424949238,56.56854249492379,-80.0,-56.5685424949238,80.0,-80.0,0.0,56.568542494923804,56.568542494923804,-56.56854249492382,9.797174393178826e-15,IAPS_EXP/Pos_4608.jpg,POS,AMB,EXP,0.5,f,-0.25,0,TRUE
face_expressions/exp/35M_SP_O.png,face_expressions/exp/31M_SP_O.png,face_expressions/exp/36M_SP_O.png,face_expressions/exp/15F_SP_C.png,face_expressions/exp/28M_SP_O.png,face_expressions/exp/34M_SP_O.png,face_expressions/exp/06F_SP_O.png,face_expressions/exp/45M_SP_O.png,-80.0,-56.56854249492382,-56.5685424949238,56.568542494923804,56.56854249492379,-1.4695761589768237e-14,80.0,4.898587196589413e-15,9.797174393178826e-15,-56.5685424949238,56.568542494923804,56.568542494923804,-56.56854249492382,-80.0,0.0,80.0,IAPS_EXP/Pos_4626.jpg,POS,AMB,EXP,0.5,f,-0.25,0,TRUE
face_expressions/exp/16F_SP_O.png,face_expressions/exp/35M_SP_O.png,face_expressions/exp/45M_SP_O.png,face_expressions/exp/28M_SP_O.png,face_expressions/exp/37M_SP_O.png,face_expressions/exp/36M_SP_O.png,face_expressions/exp/34M_SP_O.png,face_expressions/exp/31M_SP_O.png,80.0,-80.0,56.56854249492379,-1.4695761589768237e-14,4.898587196589413e-15,56.568542494923804,-56.56854249492382,-56.5685424949238,0.0,9.797174393178826e-15,-56.56854249492382,-80.0,80.0,56.568542494923804,-56.5685424949238,56.568542494923804,IAPS_EXP/Pos_4643.jpg,POS,AMB,EXP,0.5,f,-0.25,0,TRUE
face_expressions/exp/41M_SP_O.png,face_expressions/exp/43M_SP_O.png,face_expressions/exp/05F_SP_O.png,face_expressions/exp/39M_SP_O.png,face_expressions/exp/22M_SP_C.png,face_expressions/exp/29M_SP_O.png,face_expressions/exp/15F_SP_C.png,face_expressions/exp/07F_SP_O.png,80.0,-56.5685424949238,56.568542494923804,-80.0,4.898587196589413e-15,-56.56854249492382,-1.4695761589768237e-14,56.56854249492379,0.0,56.568542494923804,56.568542494923804,9.797174393178826e-15,80.0,-56.5685424949238,-80.0,-56.56854249492382,IAPS_EXP/Pos_4652.jpg,POS,AMB,EXP,0.5,f,-0.25,0,TRUE
face_expressions/exp/02F_SP_O.png,face_expressions/exp/32M_SP_O.png,face_expressions/exp/39M_SP_O.png,face_expressions/exp/15F_SP_O.png,face_expressions/exp/28M_SP_O.png,face_expressions/exp/31M_SP_O.png,face_expressions/exp/12F_SP_O.png,face_expressions/exp/23M_SP_O.png,-56.56854249492382,-1.4695761589768237e-14,-56.5685424949238,56.56854249492379,4.898587196589413e-15,56.568542494923804,80.0,-80.0,-56.5685424949238,-80.0,56.568542494923804,-56.56854249492382,80.0,56.568542494923804,0.0,9.797174393178826e-15,IAPS_EXP/Pos_4656.jpg,POS,AMB,EXP,0.5,f,-0.25,0,TRUE
face_expressions/exp/35M_SP_O.png,face_expressions/exp/41M_SP_O.png,face_expressions/exp/27M_SP_O.png,face_expressions/exp/23M_SP_O.png,face_expressions/exp/09F_SP_O.png,face_expressions/exp/39M_SP_O.png,face_expressions/exp/22M_SP_O.png,face_expressions/exp/13F_SP_O.png,-1.4695761589768237e-14,56.56854249492379,80.0,4.898587196589413e-15,-80.0,-56.5685424949238,56.568542494923804,-56.56854249492382,-80.0,-56.56854249492382,0.0,80.0,9.797174393178826e-15,56.568542494923804,56.568542494923804,-56.5685424949238,IAPS_EXP/Neg_2703.jpg,NEG,AMB,EXP,0.5,f,-0.25,0,TRUE
face_expressions/exp/14F_SP_O.png,face_expressions/exp/25M_SP_O.png,face_expressions/exp/24M_SP_O.png,face_expressions/exp/43M_SP_O.png,face_expressions/exp/19F_SP_O.png,face_expressions/exp/15F_SP_O.png,face_expressions/exp/36M_SP_O.png,face_expressions/exp/06F_SP_O.png,56.568542494923804,4.898587196589413e-15,-1.4695761589768237e-14,56.56854249492379,-56.56854249492382,80.0,-80.0,-56.5685424949238,56.568542494923804,80.0,-80.0,-56.56854249492382,-56.5685424949238,0.0,9.797174393178826e-15,56.568542494923804,IAPS_EXP/Neg_2730.jpg,NEG,AMB,EXP,0.5,f,-0.25,0,TRUE
face_expressions/exp/37M_SP_O.png,face_expressions/exp/28M_SP_O.png,face_expressions/exp/07F_SP_O.png,face_expressions/exp/36M_SP_O.png,face_expressions/exp/20M_SP_O.png,face_expressions/exp/06F_SP_O.png,face_expressions/exp/41M_SP_O.png,face_expressions/exp/29M_SP_O.png,4.898587196589413e-15,56.56854249492379,-1.4695761589768237e-14,-56.56854249492382,-80.0,56.568542494923804,80.0,-56.5685424949238,80.0,-56.56854249492382,-80.0,-56.5685424949238,9.797174393178826e-15,56.568542494923804,0.0,56.568542494923804,IAPS_EXP/Neg_2811.jpg,NEG,AMB,EXP,0.5,f,-0.25,0,TRUE
face_expressions/exp/37M_SP_O.png,face_expressions/exp/18F_SP_O.png,face_expressions/exp/15F_SP_O.png,face_expressions/exp/16F_SP_O.png,face_expressions/exp/34M_SP_O.png,face_expressions/exp/22M_SP_C.png,face_expressions/exp/24M_SP_O.png,face_expressions/exp/31M_SP_O.png,56.568542494923804,-56.56854249492382,80.0,-56.5685424949238,56.56854249492379,-1.4695761589768237e-14,-80.0,4.898587196589413e-15,56.568542494923804,-56.5685424949238,0.0,56.568542494923804,-56.56854249492382,-80.0,9.797174393178826e-15,80.0,IAPS_EXP/Neg_3000.jpg,NEG,AMB,EXP,0.5,f,-0.25,0,TRUE
face_expressions/exp/12F_SP_O.png,face_expressions/exp/31M_SP_O.png,face_expressions/exp/26M_SP_O.png,face_expressions/exp/06F_SP_O.png,face_expressions/exp/37M_SP_O.png,face_expressions/exp/29M_SP_O.png,face_expressions/exp/16F_SP_O.png,face_expressions/exp/45M_SP_O.png,-56.5685424949238,-80.0,80.0,56.568542494923804,4.898587196589413e-15,-56.56854249492382,56.56854249492379,-1.4695761589768237e-14,56.568542494923804,9.797174393178826e-15,0.0,56.568542494923804,80.0,-56.5685424949238,-56.56854249492382,-80.0,IAPS_EXP/Neg_3001.jpg,NEG,AMB,EXP,0.5,f,-0.25,0,TRUE
face_expressions/exp/25M_SP_O.png,face_expressions/exp/02F_SP_O.png,face_expressions/exp/28M_SP_O.png,face_expressions/exp/36M_SP_O.png,face_expressions/exp/15F_SP_C.png,face_expressions/exp/41M_SP_O.png,face_expressions/exp/03F_SP_O.png,face_expressions/exp/19F_SP_O.png,56.56854249492379,-56.5685424949238,-56.56854249492382,80.0,4.898587196589413e-15,-80.0,56.568542494923804,-1.4695761589768237e-14,-56.56854249492382,56.568542494923804,-56.5685424949238,0.0,80.0,9.797174393178826e-15,56.568542494923804,-80.0,IAPS_EXP/Neg_3010.jpg,NEG,AMB,EXP,0.5,f,-0.25,0,TRUE
face_expressions/exp/25M_SP_O.png,face_expressions/exp/41M_SP_O.png,face_expressions/exp/15F_SP_C.png,face_expressions/exp/35M_SP_O.png,face_expressions/exp/37M_SP_O.png,face_expressions/exp/45M_SP_O.png,face_expressions/exp/07F_SP_O.png,face_expressions/exp/02F_SP_O.png,-1.4695761589768237e-14,56.56854249492379,4.898587196589413e-15,56.568542494923804,80.0,-56.5685424949238,-56.56854249492382,-80.0,-80.0,-56.56854249492382,80.0,56.568542494923804,0.0,56.568542494923804,-56.5685424949238,9.797174393178826e-15,IAPS_EXP/Neg_3015.jpg,NEG,AMB,EXP,0.5,f,-0.25,0,TRUE
face_expressions/exp/09F_SP_O.png,face_expressions/exp/14F_SP_O.png,face_expressions/exp/15F_SP_C.png,face_expressions/exp/19F_SP_O.png,face_expressions/exp/23M_SP_O.png,face_expressions/exp/12F_SP_O.png,face_expressions/exp/20M_SP_O.png,face_expressions/exp/32M_SP_O.png,56.568542494923804,-80.0,4.898587196589413e-15,80.0,-56.5685424949238,56.56854249492379,-56.56854249492382,-1.4695761589768237e-14,56.568542494923804,9.797174393178826e-15,80.0,0.0,56.568542494923804,-56.56854249492382,-56.5685424949238,-80.0,IAPS_EXP/Neg_3016.jpg,NEG,AMB,EXP,0.5,f,-0.25,0,TRUE
face_expressions/exp/19F_SP_O.png,face_expressions/exp/43M_SP_O.png,face_expressions/exp/23M_SP_O.png,face_expressions/exp/15F_SP_C.png,face_expressions/exp/29M_SP_O.png,face_expressions/exp/03F_SP_O.png,face_expressions/exp/39M_SP_O.png,face_expressions/exp/12F_SP_O.png,-56.56854249492382,-1.4695761589768237e-14,4.898587196589413e-15,-56.5685424949238,56.568542494923804,-80.0,80.0,56.56854249492379,-56.5685424949238,-80.0,80.0,56.568542494923804,56.568542494923804,9.797174393178826e-15,0.0,-56.56854249492382,IAPS_EXP/Neg_3030.jpg,NEG,AMB,EXP,0.5,f,-0.25,0,TRUE
face_expressions/exp/20M_SP_O.png,face_expressions/exp/06F_SP_O.png,face_expressions/exp/02F_SP_O.png,face_expressions/exp/29M_SP_O.png,face_expressions/exp/15F_SP_C.png,face_expressions/exp/36M_SP_O.png,face_expressions/exp/35M_SP_O.png,face_expressions/exp/22M_SP_C.png,56.568542494923804,-56.56854249492382,4.898587196589413e-15,56.56854249492379,80.0,-80.0,-56.5685424949238,-1.4695761589768237e-14,56.568542494923804,-56.5685424949238,80.0,-56.56854249492382,0.0,9.797174393178826e-15,56.568542494923804,-80.0,IAPS_EXP/Neg_3053.jpg,NEG,AMB,EXP,0.5,f,-0.25,0,TRUE
face_expressions/exp/41M_SP_O.png,face_expressions/exp/39M_SP_O.png,face_expressions/exp/25M_SP_O.png,face_expressions/exp/20M_SP_O.png,face_expressions/exp/07F_SP_O.png,face_expressions/exp/26M_SP_O.png,face_expressions/exp/09F_SP_O.png,face_expressions/exp/27M_SP_O.png,56.56854249492379,-1.4695761589768237e-14,-56.56854249492382,-56.5685424949238,56.568542494923804,4.898587196589413e-15,80.0,-80.0,-56.56854249492382,-80.0,-56.5685424949238,56.568542494923804,56.568542494923804,80.0,0.0,9.797174393178826e-15,IAPS_EXP/Neg_3059.jpg,NEG,AMB,EXP,0.5,f,-0.25,0,TRUE
face_expressions/exp/24M_SP_O.png,face_expressions/exp/31M_SP_O.png,face_expressions/exp/23M_SP_O.png,face_expressions/exp/02F_SP_O.png,face_expressions/exp/05F_SP_O.png,face_expressions/exp/25M_SP_O.png,face_expressions/exp/15F_SP_O.png,face_expressions/exp/39M_SP_O.png,56.568542494923804,56.56854249492379,-56.56854249492382,-80.0,80.0,-1.4695761589768237e-14,4.898587196589413e-15,-56.5685424949238,56.568542494923804,-56.56854249492382,-56.5685424949238,9.797174393178826e-15,0.0,-80.0,80.0,56.568542494923804,IAPS_EXP/Neg_3060.jpg,NEG,AMB,EXP,0.5,f,-0.25,0,TRUE
face_expressions/exp/05F_SP_O.png,face_expressions/exp/29M_SP_O.png,face_expressions/exp/20M_SP_O.png,face_expressions/exp/16F_SP_O.png,face_expressions/exp/26M_SP_O.png,face_expressions/exp/34M_SP_O.png,face_expressions/exp/15F_SP_C.png,face_expressions/exp/03F_SP_O.png,56.568542494923804,4.898587196589413e-15,-80.0,-56.5685424949238,80.0,56.56854249492379,-1.4695761589768237e-14,-56.56854249492382,56.568542494923804,80.0,9.797174393178826e-15,56.568542494923804,0.0,-56.56854249492382,-80.0,-56.5685424949238,IAPS_EXP/Neg_3062.jpg,NEG,AMB,EXP,0.5,f,-0.25,0,TRUE
face_expressions/exp/37M_SP_O.png,face_expressions/exp/20M_SP_O.png,face_expressions/exp/06F_SP_O.png,face_expressions/exp/24M_SP_O.png,face_expressions/exp/09F_SP_O.png,face_expressions/exp/22M_SP_C.png,face_expressions/exp/03F_SP_O.png,face_expressions/exp/02F_SP_O.png,56.568542494923804,-56.56854249492382,4.898587196589413e-15,-80.0,-1.4695761589768237e-14,56.56854249492379,80.0,-56.5685424949238,56.568542494923804,-56.5685424949238,80.0,9.797174393178826e-15,-80.0,-56.56854249492382,0.0,56.568542494923804,IAPS_EXP/Neg_3063.jpg,NEG,AMB,EXP,0.5,f,-0.25,0,TRUE
face_expressions/exp/27M_SP_O.png,face_expressions/exp/09F_SP_O.png,face_expressions/exp/43M_SP_O.png,face_expressions/exp/15F_SP_O.png,face_expressions/exp/28M_SP_O.png,face_expressions/exp/13F_SP_O.png,face_expressions/exp/31M_SP_O.png,face_expressions/exp/15F_SP_C.png,-56.56854249492382,56.56854249492379,-1.4695761589768237e-14,4.898587196589413e-15,56.568542494923804,-56.5685424949238,-80.0,80.0,-56.5685424949238,-56.56854249492382,-80.0,80.0,56.568542494923804,56.568542494923804,9.797174393178826e-15,0.0,IAPS_EXP/Neg_3064.jpg,NEG,AMB,EXP,0.5,f,-0.25,0,TRUE
face_expressions/exp/45M_SP_O.png,face_expressions/exp/41M_SP_O.png,face_expressions/exp/36M_SP_O.png,face_expressions/exp/32M_SP_O.png,face_expressions/exp/25M_SP_O.png,face_expressions/exp/34M_SP_O.png,face_expressions/exp/31M_SP_O.png,face_expressions/exp/07F_SP_O.png,4.898587196589413e-15,-1.4695761589768237e-14,80.0,-56.56854249492382,-56.5685424949238,-80.0,56.56854249492379,56.568542494923804,80.0,-80.0,0.0,-56.5685424949238,56.568542494923804,9.797174393178826e-15,-56.56854249492382,56.568542494923804,IAPS_EXP/Neg_3068.jpg,NEG,AMB,EXP,0.5,f,-0.25,0,TRUE
face_expressions/exp/39M_SP_O.png,face_expressions/exp/24M_SP_O.png,face_expressions/exp/35M_SP_O.png,face_expressions/exp/14F_SP_O.png,face_expressions/exp/02F_SP_O.png,face_expressions/exp/32M_SP_O.png,face_expressions/exp/16F_SP_O.png,face_expressions/exp/15F_SP_O.png,80.0,56.568542494923804,4.898587196589413e-15,56.56854249492379,-56.56854249492382,-80.0,-1.4695761589768237e-14,-56.5685424949238,0.0,56.568542494923804,80.0,-56.56854249492382,-56.5685424949238,9.797174393178826e-15,-80.0,56.568542494923804,IAPS_EXP/Neg_3069.jpg,NEG,AMB,EXP,0.5,f,-0.25,0,TRUE
face_expressions/exp/43M_SP_O.png,face_expressions/exp/23M_SP_O.png,face_expressions/exp/03F_SP_O.png,face_expressions/exp/35M_SP_O.png,face_expressions/exp/22M_SP_O.png,face_expressions/exp/36M_SP_O.png,face_expressions/exp/29M_SP_O.png,face_expressions/exp/15F_SP_C.png,-56.56854249492382,80.0,-56.5685424949238,-80.0,56.56854249492379,-1.4695761589768237e-14,4.898587196589413e-15,56.568542494923804,-56.5685424949238,0.0,56.568542494923804,9.797174393178826e-15,-56.56854249492382,-80.0,80.0,56.568542494923804,IAPS_EXP/Neg_3071.jpg,NEG,AMB,EXP,0.5,f,-0.25,0,TRUE
face_expressions/exp/31M_SP_O.png,face_expressions/exp/23M_SP_O.png,face_expressions/exp/26M_SP_O.png,face_expressions/exp/22M_SP_C.png,face_expressions/exp/45M_SP_O.png,face_expressions/exp/43M_SP_O.png,face_expressions/exp/37M_SP_O.png,face_expressions/exp/28M_SP_O.png,-56.56854249492382,-80.0,-1.4695761589768237e-14,56.568542494923804,-56.5685424949238,4.898587196589413e-15,80.0,56.56854249492379,-56.5685424949238,9.797174393178826e-15,-80.0,56.568542494923804,56.568542494923804,80.0,0.0,-56.56854249492382,IAPS_EXP/Neg_3080.jpg,NEG,AMB,EXP,0.5,f,-0.25,0,TRUE
face_expressions/exp/22M_SP_C.png,face_expressions/exp/08F_SP_O.png,face_expressions/exp/14F_SP_O.png,face_expressions/exp/07F_SP_O.png,face_expressions/exp/16F_SP_O.png,face_expressions/exp/09F_SP_O.png,face_expressions/exp/15F_SP_O.png,face_expressions/exp/25M_SP_O.png,80.0,-56.56854249492382,-80.0,56.568542494923804,4.898587196589413e-15,56.56854249492379,-56.5685424949238,-1.4695761589768237e-14,0.0,-56.5685424949238,9.797174393178826e-15,56.568542494923804,80.0,-56.56854249492382,56.568542494923804,-80.0,IAPS_EXP/Neg_3100.jpg,NEG,AMB,EXP,0.5,f,-0.25,0,TRUE
face_expressions/exp/16F_SP_O.png,face_expressions/exp/24M_SP_O.png,face_expressions/exp/37M_SP_O.png,face_expressions/exp/29M_SP_O.png,face_expressions/exp/06F_SP_O.png,face_expressions/exp/35M_SP_O.png,face_expressions/exp/43M_SP_O.png,face_expressions/exp/07F_SP_O.png,-80.0,56.56854249492379,-56.56854249492382,4.898587196589413e-15,80.0,-1.4695761589768237e-14,56.568542494923804,-56.5685424949238,9.797174393178826e-15,-56.56854249492382,-56.5685424949238,80.0,0.0,-80.0,56.568542494923804,56.568542494923804,IAPS_scrambled_EXP/scrambled_Neg_2703.jpg,SCR,AMB,EXP,0.5,f,-0.25,0,TRUE
face_expressions/exp/14F_SP_O.png,face_expressions/exp/18F_SP_O.png,face_expressions/exp/25M_SP_O.png,face_expressions/exp/15F_SP_C.png,face_expressions/exp/32M_SP_O.png,face_expressions/exp/41M_SP_O.png,face_expressions/exp/05F_SP_O.png,face_expressions/exp/28M_SP_O.png,80.0,-56.56854249492382,-1.4695761589768237e-14,56.56854249492379,-80.0,56.568542494923804,-56.5685424949238,4.898587196589413e-15,0.0,-56.5685424949238,-80.0,-56.56854249492382,9.797174393178826e-15,56.568542494923804,56.568542494923804,80.0,IAPS_scrambled_EXP/scrambled_Neg_2730.jpg,SCR,AMB,EXP,0.5,f,-0.25,0,TRUE
face_expressions/exp/24M_SP_O.png,face_expressions/exp/16F_SP_O.png,face_expressions/exp/09F_SP_O.png,face_expressions/exp/43M_SP_O.png,face_expressions/exp/02F_SP_O.png,face_expressions/exp/08F_SP_O.png,face_expressions/exp/12F_SP_O.png,face_expressions/exp/07F_SP_O.png,56.568542494923804,-80.0,56.56854249492379,-1.4695761589768237e-14,80.0,-56.56854249492382,4.898587196589413e-15,-56.5685424949238,56.568542494923804,9.797174393178826e-15,-56.56854249492382,-80.0,0.0,-56.5685424949238,80.0,56.568542494923804,IAPS_scrambled_EXP/scrambled_Neg_2811.jpg,SCR,AMB,EXP,0.5,f,-0.25,0,TRUE
face_expressions/exp/26M_SP_O.png,face_expressions/exp/09F_SP_O.png,face_expressions/exp/14F_SP_O.png,face_expressions/exp/22M_SP_O.png,face_expressions/exp/20M_SP_O.png,face_expressions/exp/19F_SP_O.png,face_expressions/exp/36M_SP_O.png,face_expressions/exp/12F_SP_O.png,56.56854249492379,-80.0,-1.4695761589768237e-14,56.568542494923804,-56.5685424949238,4.898587196589413e-15,-56.56854249492382,80.0,-56.56854249492382,9.797174393178826e-15,-80.0,56.568542494923804,56.568542494923804,80.0,-56.5685424949238,0.0,IAPS_scrambled_EXP/scrambled_Neg_3000.jpg,SCR,AMB,EXP,0.5,f,-0.25,0,TRUE
face_expressions/exp/15F_SP_C.png,face_expressions/exp/12F_SP_O.png,face_expressions/exp/20M_SP_O.png,face_expressions/exp/08F_SP_O.png,face_expressions/exp/26M_SP_O.png,face_expressions/exp/13F_SP_O.png,face_expressions/exp/16F_SP_O.png,face_expressions/exp/25M_SP_O.png,-1.4695761589768237e-14,56.56854249492379,56.568542494923804,-80.0,80.0,-56.5685424949238,-56.56854249492382,4.898587196589413e-15,-80.0,-56.56854249492382,56.568542494923804,9.797174393178826e-15,0.0,56.568542494923804,-56.5685424949238,80.0,IAPS_scrambled_EXP/scrambled_Neg_3001.jpg,SCR,AMB,EXP,0.5,f,-0.25,0,TRUE
face_expressions/exp/22M_SP_O.png,face_expressions/exp/06F_SP_O.png,face_expressions/exp/37M_SP_O.png,face_expressions/exp/32M_SP_O.png,face_expressions/exp/23M_SP_O.png,face_expressions/exp/19F_SP_O.png,face_expressions/exp/07F_SP_O.png,face_expressions/exp/13F_SP_O.png,-1.4695761589768237e-14,-80.0,-56.5685424949238,56.56854249492379,-56.56854249492382,56.568542494923804,80.0,4.898587196589413e-15,-80.0,9.797174393178826e-15,56.568542494923804,-56.56854249492382,-56.5685424949238,56.568542494923804,0.0,80.0,IAPS_scrambled_EXP/scrambled_Neg_3010.jpg,SCR,AMB,EXP,0.5,f,-0.25,0,TRUE
face_expressions/exp/12F_SP_O.png,face_expressions/exp/43M_SP_O.png,face_expressions/exp/24M_SP_O.png,face_expressions/exp/37M_SP_O.png,face_expressions/exp/34M_SP_O.png,face_expressions/exp/33M_SP_O.png,face_expressions/exp/19F_SP_O.png,face_expressions/exp/16F_SP_O.png,56.568542494923804,-56.5685424949238,-56.56854249492382,-1.4695761589768237e-14,56.56854249492379,4.898587196589413e-15,-80.0,80.0,56.568542494923804,56.568542494923804,-56.5685424949238,-80.0,-56.56854249492382,80.0,9.797174393178826e-15,0.0,IAPS_scrambled_EXP/scrambled_Neg_3015.jpg,SCR,AMB,EXP,0.5,f,-0.25,0,TRUE
face_expressions/exp/15F_SP_C.png,face_expressions/exp/28M_SP_O.png,face_expressions/exp/43M_SP_O.png,face_expressions/exp/35M_SP_O.png,face_expressions/exp/15F_SP_O.png,face_expressions/exp/19F_SP_O.png,face_expressions/exp/41M_SP_O.png,face_expressions/exp/03F_SP_O.png,-80.0,-56.56854249492382,4.898587196589413e-15,56.568542494923804,-56.5685424949238,-1.4695761589768237e-14,56.56854249492379,80.0,9.797174393178826e-15,-56.5685424949238,80.0,56.568542494923804,56.568542494923804,-80.0,-56.56854249492382,0.0,IAPS_scrambled_EXP/scrambled_Neg_3016.jpg,SCR,AMB,EXP,0.5,f,-0.25,0,TRUE
face_expressions/exp/09F_SP_O.png,face_expressions/exp/18F_SP_O.png,face_expressions/exp/16F_SP_O.png,face_expressions/exp/08F_SP_O.png,face_expressions/exp/15F_SP_O.png,face_expressions/exp/23M_SP_O.png,face_expressions/exp/32M_SP_O.png,face_expressions/exp/14F_SP_O.png,80.0,4.898587196589413e-15,56.56854249492379,-1.4695761589768237e-14,-56.5685424949238,-56.56854249492382,-80.0,56.568542494923804,0.0,80.0,-56.56854249492382,-80.0,56.568542494923804,-56.5685424949238,9.797174393178826e-15,56.568542494923804,IAPS_scrambled_EXP/scrambled_Neg_3030.jpg,SCR,AMB,EXP,0.5,f,-0.25,0,TRUE
face_expressions/exp/29M_SP_O.png,face_expressions/exp/18F_SP_O.png,face_expressions/exp/31M_SP_O.png,face_expressions/exp/23M_SP_O.png,face_expressions/exp/02F_SP_O.png,face_expressions/exp/15F_SP_C.png,face_expressions/exp/05F_SP_O.png,face_expressions/exp/20M_SP_O.png,56.56854249492379,56.568542494923804,-56.5685424949238,-80.0,80.0,-56.56854249492382,4.898587196589413e-15,-1.4695761589768237e-14,-56.56854249492382,56.568542494923804,56.568542494923804,9.797174393178826e-15,0.0,-56.5685424949238,80.0,-80.0,IAPS_scrambled_EXP/scrambled_Neg_3053.jpg,SCR,AMB,EXP,0.5,f,-0.25,0,TRUE
face_expressions/exp/18F_SP_O.png,face_expressions/exp/45M_SP_O.png,face_expressions/exp/14F_SP_O.png,face_expressions/exp/34M_SP_O.png,face_expressions/exp/33M_SP_O.png,face_expressions/exp/19F_SP_O.png,face_expressions/exp/23M_SP_O.png,face_expressions/exp/16F_SP_O.png,56.568542494923804,56.56854249492379,-56.5685424949238,-80.0,4.898587196589413e-15,80.0,-56.56854249492382,-1.4695761589768237e-14,56.568542494923804,-56.56854249492382,56.568542494923804,9.797174393178826e-15,80.0,0.0,-56.5685424949238,-80.0,IAPS_scrambled_EXP/scrambled_Neg_3059.jpg,SCR,AMB,EXP,0.5,f,-0.25,0,TRUE
face_expressions/exp/39M_SP_O.png,face_expressions/exp/26M_SP_O.png,face_expressions/exp/29M_SP_O.png,face_expressions/exp/07F_SP_O.png,face_expressions/exp/24M_SP_O.png,face_expressions/exp/43M_SP_O.png,face_expressions/exp/05F_SP_O.png,face_expressions/exp/15F_SP_C.png,-56.5685424949238,4.898587196589413e-15,80.0,56.56854249492379,-1.4695761589768237e-14,-80.0,-56.56854249492382,56.568542494923804,56.568542494923804,80.0,0.0,-56.56854249492382,-80.0,9.797174393178826e-15,-56.5685424949238,56.568542494923804,IAPS_scrambled_EXP/scrambled_Neg_3060.jpg,SCR,AMB,EXP,0.5,f,-0.25,0,TRUE
face_expressions/exp/25M_SP_O.png,face_expressions/exp/24M_SP_O.png,face_expressions/exp/34M_SP_O.png,face_expressions/exp/41M_SP_O.png,face_expressions/exp/22M_SP_C.png,face_expressions/exp/43M_SP_O.png,face_expressions/exp/29M_SP_O.png,face_expressions/exp/37M_SP_O.png,-80.0,80.0,56.56854249492379,-56.56854249492382,4.898587196589413e-15,-1.4695761589768237e-14,-56.5685424949238,56.568542494923804,9.797174393178826e-15,0.0,-56.56854249492382,-56.5685424949238,80.0,-80.0,56.568542494923804,56.568542494923804,IAPS_scrambled_EXP/scrambled_Neg_3062.jpg,SCR,AMB,EXP,0.5,f,-0.25,0,TRUE
face_expressions/exp/23M_SP_O.png,face_expressions/exp/12F_SP_O.png,face_expressions/exp/34M_SP_O.png,face_expressions/exp/14F_SP_O.png,face_expressions/exp/33M_SP_O.png,face_expressions/exp/02F_SP_O.png,face_expressions/exp/07F_SP_O.png,face_expressions/exp/37M_SP_O.png,56.56854249492379,4.898587196589413e-15,-56.5685424949238,-56.56854249492382,80.0,-1.4695761589768237e-14,-80.0,56.568542494923804,-56.56854249492382,80.0,56.568542494923804,-56.5685424949238,0.0,-80.0,9.797174393178826e-15,56.568542494923804,IAPS_scrambled_EXP/scrambled_Neg_3063.jpg,SCR,AMB,EXP,0.5,f,-0.25,0,TRUE
face_expressions/exp/22M_SP_O.png,face_expressions/exp/02F_SP_O.png,face_expressions/exp/18F_SP_O.png,face_expressions/exp/24M_SP_O.png,face_expressions/exp/19F_SP_O.png,face_expressions/exp/07F_SP_O.png,face_expressions/exp/12F_SP_O.png,face_expressions/exp/16F_SP_O.png,-80.0,56.568542494923804,-56.5685424949238,-56.56854249492382,-1.4695761589768237e-14,80.0,4.898587196589413e-15,56.56854249492379,9.797174393178826e-15,56.568542494923804,56.568542494923804,-56.5685424949238,-80.0,0.0,80.0,-56.56854249492382,IAPS_scrambled_EXP/scrambled_Neg_3064.jpg,SCR,AMB,EXP,0.5,f,-0.25,0,TRUE
face_expressions/exp/02F_SP_O.png,face_expressions/exp/34M_SP_O.png,face_expressions/exp/28M_SP_O.png,face_expressions/exp/26M_SP_O.png,face_expressions/exp/15F_SP_O.png,face_expressions/exp/14F_SP_O.png,face_expressions/exp/06F_SP_O.png,face_expressions/exp/36M_SP_O.png,56.56854249492379,-56.5685424949238,80.0,56.568542494923804,4.898587196589413e-15,-80.0,-1.4695761589768237e-14,-56.56854249492382,-56.56854249492382,56.568542494923804,0.0,56.568542494923804,80.0,9.797174393178826e-15,-80.0,-56.5685424949238,IAPS_scrambled_EXP/scrambled_Neg_3068.jpg,SCR,AMB,EXP,0.5,f,-0.25,0,TRUE
face_expressions/exp/35M_SP_O.png,face_expressions/exp/34M_SP_O.png,face_expressions/exp/07F_SP_O.png,face_expressions/exp/29M_SP_O.png,face_expressions/exp/15F_SP_C.png,face_expressions/exp/19F_SP_O.png,face_expressions/exp/32M_SP_O.png,face_expressions/exp/18F_SP_O.png,56.56854249492379,80.0,-56.5685424949238,4.898587196589413e-15,-56.56854249492382,56.568542494923804,-80.0,-1.4695761589768237e-14,-56.56854249492382,0.0,56.568542494923804,80.0,-56.5685424949238,56.568542494923804,9.797174393178826e-15,-80.0,IAPS_scrambled_EXP/scrambled_Neg_3069.jpg,SCR,AMB,EXP,0.5,f,-0.25,0,TRUE
face_expressions/exp/15F_SP_C.png,face_expressions/exp/36M_SP_O.png,face_expressions/exp/29M_SP_O.png,face_expressions/exp/18F_SP_O.png,face_expressions/exp/06F_SP_O.png,face_expressions/exp/43M_SP_O.png,face_expressions/exp/12F_SP_O.png,face_expressions/exp/41M_SP_O.png,-1.4695761589768237e-14,-80.0,-56.56854249492382,-56.5685424949238,80.0,56.56854249492379,56.568542494923804,4.898587196589413e-15,-80.0,9.797174393178826e-15,-56.5685424949238,56.568542494923804,0.0,-56.56854249492382,56.568542494923804,80.0,IAPS_scrambled_EXP/scrambled_Neg_3071.jpg,SCR,AMB,EXP,0.5,f,-0.25,0,TRUE
face_expressions/exp/03F_SP_O.png,face_expressions/exp/27M_SP_O.png,face_expressions/exp/19F_SP_O.png,face_expressions/exp/13F_SP_O.png,face_expressions/exp/29M_SP_O.png,face_expressions/exp/24M_SP_O.png,face_expressions/exp/07F_SP_O.png,face_expressions/exp/23M_SP_O.png,-1.4695761589768237e-14,56.56854249492379,-80.0,-56.56854249492382,-56.5685424949238,80.0,56.568542494923804,4.898587196589413e-15,-80.0,-56.56854249492382,9.797174393178826e-15,-56.5685424949238,56.568542494923804,0.0,56.568542494923804,80.0,IAPS_scrambled_EXP/scrambled_Neg_3080.jpg,SCR,AMB,EXP,0.5,f,-0.25,0,TRUE
face_expressions/exp/23M_SP_O.png,face_expressions/exp/45M_SP_O.png,face_expressions/exp/19F_SP_O.png,face_expressions/exp/09F_SP_O.png,face_expressions/exp/24M_SP_O.png,face_expressions/exp/37M_SP_O.png,face_expressions/exp/18F_SP_O.png,face_expressions/exp/16F_SP_O.png,-56.5685424949238,-1.4695761589768237e-14,56.56854249492379,56.568542494923804,80.0,4.898587196589413e-15,-56.56854249492382,-80.0,56.568542494923804,-80.0,-56.56854249492382,56.568542494923804,0.0,80.0,-56.5685424949238,9.797174393178826e-15,IAPS_scrambled_EXP/scrambled_Neg_3100.jpg,SCR,AMB,EXP,0.5,f,-0.25,0,TRUE
