IMG1,IMG2,IMG3,IMG4,IMG5,IMG6,IMG7,IMG8,X1,X2,X3,X4,X5,X6,X7,X8,Y1,Y2,Y3,Y4,Y5,Y6,Y7,Y8,priming,prime_cond,target_cond,TrialType,time,KeyPress_PT,Plus_x,Plus_y,StartEXP
face_expressions/exp/05F_HA_O.png,face_expressions/exp/34M_HA_C.png,face_expressions/exp/28M_HA_C.png,face_expressions/exp/20M_HA_C.png,face_expressions/exp/14F_HA_C.png,face_expressions/exp/45M_HA_C.png,face_expressions/exp/22M_HA_O.png,face_expressions/exp/06F_HA_O.png,4.898587196589413e-15,56.568542494923804,-80.0,56.56854249492379,80.0,-1.4695761589768237e-14,-56.5685424949238,-56.56854249492382,80.0,56.568542494923804,9.797174393178826e-15,-56.56854249492382,0.0,-80.0,56.568542494923804,-56.5685424949238,IAPS_XTRA/Pos_4693.jpg,POS,POS,FILLER,0.5,f,-0.25,0,TRUE
face_expressions/exp/13F_HA_C.png,face_expressions/exp/27M_HA_O.png,face_expressions/exp/06F_HA_O.png,face_expressions/exp/39M_HA_O.png,face_expressions/exp/07F_HA_O.png,face_expressions/exp/29M_HA_C.png,face_expressions/exp/24M_HA_C.png,face_expressions/exp/12F_HA_C.png,56.568542494923804,80.0,56.56854249492379,4.898587196589413e-15,-56.56854249492382,-1.4695761589768237e-14,-56.5685424949238,-80.0,56.568542494923804,0.0,-56.56854249492382,80.0,-56.5685424949238,-80.0,56.568542494923804,9.797174393178826e-15,IAPS_XTRA/Pos_5270.jpg,POS,POS,FILLER,0.5,f,-0.25,0,TRUE
face_expressions/exp/28M_HA_O.png,face_expressions/exp/07F_HA_O.png,face_expressions/exp/05F_HA_O.png,face_expressions/exp/15F_HA_C.png,face_expressions/exp/33M_HA_O.png,face_expressions/exp/18F_HA_O.png,face_expressions/exp/33M_HA_C.png,face_expressions/exp/43M_HA_O.png,56.56854249492379,-80.0,-56.5685424949238,-1.4695761589768237e-14,4.898587196589413e-15,-56.56854249492382,80.0,56.568542494923804,-56.56854249492382,9.797174393178826e-15,56.568542494923804,-80.0,80.0,-56.5685424949238,0.0,56.568542494923804,IAPS_XTRA/Neg_6250.jpg,NEG,POS,FILLER,0.5,f,-0.25,0,TRUE
face_expressions/exp/41M_HA_O.png,face_expressions/exp/24M_HA_C.png,face_expressions/exp/13F_HA_O.png,face_expressions/exp/45M_HA_C.png,face_expressions/exp/27M_HA_O.png,face_expressions/exp/16F_HA_C.png,face_expressions/exp/18F_HA_C.png,face_expressions/exp/28M_HA_O.png,4.898587196589413e-15,80.0,-80.0,56.56854249492379,-56.56854249492382,56.568542494923804,-56.5685424949238,-1.4695761589768237e-14,80.0,0.0,9.797174393178826e-15,-56.56854249492382,-56.5685424949238,56.568542494923804,56.568542494923804,-80.0,IAPS_XTRA/Neg_6370.jpg,NEG,POS,FILLER,0.5,f,-0.25,0,TRUE
face_expressions/exp/39M_AN_C.png,face_expressions/exp/22M_AN_O.png,face_expressions/exp/16F_AN_C.png,face_expressions/exp/20M_AN_C.png,face_expressions/exp/03F_AN_O.png,face_expressions/exp/25M_AN_C.png,face_expressions/exp/20M_AN_O.png,face_expressions/exp/15F_AN_O.png,56.56854249492379,-56.5685424949238,-56.56854249492382,80.0,56.568542494923804,-80.0,-1.4695761589768237e-14,4.898587196589413e-15,-56.56854249492382,56.568542494923804,-56.5685424949238,0.0,56.568542494923804,9.797174393178826e-15,-80.0,80.0,IAPS_XTRA/Pos_5600.jpg,POS,NEG,FILLER,0.5,f,-0.25,0,TRUE
face_expressions/exp/09F_AN_O.png,face_expressions/exp/39M_AN_O.png,face_expressions/exp/15F_AN_C.png,face_expressions/exp/08F_AN_O.png,face_expressions/exp/33M_AN_O.png,face_expressions/exp/23M_AN_O.png,face_expressions/exp/07F_AN_O.png,face_expressions/exp/29M_AN_C.png,56.56854249492379,56.568542494923804,-80.0,80.0,-1.4695761589768237e-14,-56.56854249492382,4.898587196589413e-15,-56.5685424949238,-56.56854249492382,56.568542494923804,9.797174393178826e-15,0.0,-80.0,-56.5685424949238,80.0,56.568542494923804,IAPS_XTRA/Pos_5626.jpg,POS,NEG,FILLER,0.5,f,-0.25,0,TRUE
face_expressions/exp/41M_AN_C.png,face_expressions/exp/36M_AN_O.png,face_expressions/exp/25M_AN_O.png,face_expressions/exp/27M_AN_O.png,face_expressions/exp/24M_AN_O.png,face_expressions/exp/33M_AN_O.png,face_expressions/exp/03F_AN_C.png,face_expressions/exp/05F_AN_C.png,-80.0,56.568542494923804,-56.56854249492382,-56.5685424949238,-1.4695761589768237e-14,80.0,56.56854249492379,4.898587196589413e-15,9.797174393178826e-15,56.568542494923804,-56.5685424949238,56.568542494923804,-80.0,0.0,-56.56854249492382,80.0,IAPS_XTRA/Neg_8485.jpg,NEG,NEG,FILLER,0.5,f,-0.25,0,TRUE
face_expressions/exp/13F_AN_O.png,face_expressions/exp/34M_AN_C.png,face_expressions/exp/34M_AN_O.png,face_expressions/exp/19F_AN_O.png,face_expressions/exp/18F_AN_C.png,face_expressions/exp/26M_AN_C.png,face_expressions/exp/12F_AN_O.png,face_expressions/exp/33M_AN_C.png,-1.4695761589768237e-14,-80.0,-56.5685424949238,56.568542494923804,56.56854249492379,4.898587196589413e-15,-56.56854249492382,80.0,-80.0,9.797174393178826e-15,56.568542494923804,56.568542494923804,-56.56854249492382,80.0,-56.5685424949238,0.0,IAPS_XTRA/Neg_9185.jpg,NEG,NEG,FILLER,0.5,f,-0.25,0,TRUE
face_expressions/exp/26M_AN_C.png,face_expressions/exp/45M_AN_O.png,face_expressions/exp/15F_AN_O.png,face_expressions/exp/12F_AN_C.png,face_expressions/exp/09F_AN_C.png,face_expressions/exp/29M_AN_C.png,face_expressions/exp/05F_AN_O.png,face_expressions/exp/39M_AN_C.png,56.568542494923804,4.898587196589413e-15,-56.56854249492382,-56.5685424949238,-1.4695761589768237e-14,56.56854249492379,80.0,-80.0,56.568542494923804,80.0,-56.5685424949238,56.568542494923804,-80.0,-56.56854249492382,0.0,9.797174393178826e-15,IAPS_scrambled_XTRA/scrambled_Neg_6250.jpg,SCR,NEG,FILLER,0.5,f,-0.25,0,TRUE
face_expressions/exp/13F_AN_O.png,face_expressions/exp/36M_AN_O.png,face_expressions/exp/28M_AN_O.png,face_expressions/exp/05F_AN_C.png,face_expressions/exp/45M_AN_C.png,face_expressions/exp/20M_AN_C.png,face_expressions/exp/16F_AN_C.png,face_expressions/exp/37M_AN_O.png,80.0,-56.56854249492382,-80.0,-1.4695761589768237e-14,56.56854249492379,56.568542494923804,4.898587196589413e-15,-56.5685424949238,0.0,-56.5685424949238,9.797174393178826e-15,-80.0,-56.56854249492382,56.568542494923804,80.0,56.568542494923804,IAPS_scrambled_XTRA/scrambled_Neg_6370.jpg,SCR,NEG,FILLER,0.5,f,-0.25,0,TRUE
face_expressions/exp/28M_HA_C.png,face_expressions/exp/45M_HA_C.png,face_expressions/exp/20M_HA_C.png,face_expressions/exp/23M_HA_C.png,face_expressions/exp/28M_HA_O.png,face_expressions/exp/12F_HA_C.png,face_expressions/exp/34M_HA_O.png,face_expressions/exp/34M_HA_C.png,56.568542494923804,4.898587196589413e-15,-56.56854249492382,56.56854249492379,-80.0,80.0,-1.4695761589768237e-14,-56.5685424949238,56.568542494923804,80.0,-56.5685424949238,-56.56854249492382,9.797174393178826e-15,0.0,-80.0,56.568542494923804,IAPS_scrambled_XTRA/scrambled_Neg_8485.jpg,SCR,POS,FILLER,0.5,f,-0.25,0,TRUE
face_expressions/exp/37M_HA_O.png,face_expressions/exp/22M_HA_O.png,face_expressions/exp/14F_HA_C.png,face_expressions/exp/12F_HA_C.png,face_expressions/exp/41M_HA_C.png,face_expressions/exp/06F_HA_C.png,face_expressions/exp/32M_HA_O.png,face_expressions/exp/23M_HA_C.png,-80.0,4.898587196589413e-15,80.0,-56.56854249492382,-1.4695761589768237e-14,56.568542494923804,56.56854249492379,-56.5685424949238,9.797174393178826e-15,80.0,0.0,-56.5685424949238,-80.0,56.568542494923804,-56.56854249492382,56.568542494923804,IAPS_scrambled_XTRA/scrambled_Neg_9185.jpg,SCR,POS,FILLER,0.5,f,-0.25,0,TRUE
face_expressions/exp/07F_SP_O.png,face_expressions/exp/26M_SP_O.png,face_expressions/exp/15F_SP_O.png,face_expressions/exp/15F_SP_C.png,face_expressions/exp/36M_SP_O.png,face_expressions/exp/39M_SP_O.png,face_expressions/exp/05F_SP_O.png,face_expressions/exp/14F_SP_O.png,80.0,-1.4695761589768237e-14,4.898587196589413e-15,-56.5685424949238,-56.56854249492382,56.56854249492379,56.568542494923804,-80.0,0.0,-80.0,80.0,56.568542494923804,-56.5685424949238,-56.56854249492382,56.568542494923804,9.797174393178826e-15,IAPS_EXP/Pos_5460.jpg,POS,AMB,EXP,0.5,f,-0.25,0,TRUE
face_expressions/exp/37M_SP_O.png,face_expressions/exp/35M_SP_O.png,face_expressions/exp/12F_SP_O.png,face_expressions/exp/36M_SP_O.png,face_expressions/exp/34M_SP_O.png,face_expressions/exp/05F_SP_O.png,face_expressions/exp/15F_SP_O.png,face_expressions/exp/06F_SP_O.png,-56.5685424949238,-80.0,80.0,56.568542494923804,56.56854249492379,-1.4695761589768237e-14,-56.56854249492382,4.898587196589413e-15,56.568542494923804,9.797174393178826e-15,0.0,56.568542494923804,-56.56854249492382,-80.0,-56.5685424949238,80.0,IAPS_EXP/Pos_5470.jpg,POS,AMB,EXP,0.5,f,-0.25,0,TRUE
face_expressions/exp/27M_SP_O.png,face_expressions/exp/07F_SP_O.png,face_expressions/exp/26M_SP_O.png,face_expressions/exp/18F_SP_O.png,face_expressions/exp/24M_SP_O.png,face_expressions/exp/03F_SP_O.png,face_expressions/exp/22M_SP_O.png,face_expressions/exp/32M_SP_O.png,-1.4695761589768237e-14,56.56854249492379,80.0,-56.56854249492382,-56.5685424949238,56.568542494923804,-80.0,4.898587196589413e-15,-80.0,-56.56854249492382,0.0,-56.5685424949238,56.568542494923804,56.568542494923804,9.797174393178826e-15,80.0,IAPS_EXP/Pos_5480.jpg,POS,AMB,EXP,0.5,f,-0.25,0,TRUE
face_expressions/exp/18F_SP_O.png,face_expressions/exp/36M_SP_O.png,face_expressions/exp/07F_SP_O.png,face_expressions/exp/06F_SP_O.png,face_expressions/exp/14F_SP_O.png,face_expressions/exp/03F_SP_O.png,face_expressions/exp/12F_SP_O.png,face_expressions/exp/20M_SP_O.png,56.568542494923804,-1.4695761589768237e-14,4.898587196589413e-15,80.0,-80.0,-56.56854249492382,56.56854249492379,-56.5685424949238,56.568542494923804,-80.0,80.0,0.0,9.797174393178826e-15,-56.5685424949238,-56.56854249492382,56.568542494923804,IAPS_EXP/Pos_5621.jpg,POS,AMB,EXP,0.5,f,-0.25,0,TRUE
face_expressions/exp/05F_SP_O.png,face_expressions/exp/32M_SP_O.png,face_expressions/exp/13F_SP_O.png,face_expressions/exp/20M_SP_O.png,face_expressions/exp/45M_SP_O.png,face_expressions/exp/15F_SP_O.png,face_expressions/exp/03F_SP_O.png,face_expressions/exp/19F_SP_O.png,-56.5685424949238,80.0,-80.0,56.56854249492379,-56.56854249492382,4.898587196589413e-15,-1.4695761589768237e-14,56.568542494923804,56.568542494923804,0.0,9.797174393178826e-15,-56.56854249492382,-56.5685424949238,80.0,-80.0,56.568542494923804,IAPS_EXP/Pos_5623.jpg,POS,AMB,EXP,0.5,f,-0.25,0,TRUE
face_expressions/exp/43M_SP_O.png,face_expressions/exp/24M_SP_O.png,face_expressions/exp/27M_SP_O.png,face_expressions/exp/07F_SP_O.png,face_expressions/exp/41M_SP_O.png,face_expressions/exp/32M_SP_O.png,face_expressions/exp/36M_SP_O.png,face_expressions/exp/39M_SP_O.png,56.568542494923804,80.0,-1.4695761589768237e-14,-56.5685424949238,-80.0,56.56854249492379,-56.56854249492382,4.898587196589413e-15,56.568542494923804,0.0,-80.0,56.568542494923804,9.797174393178826e-15,-56.56854249492382,-56.5685424949238,80.0,IAPS_EXP/Pos_5629.jpg,POS,AMB,EXP,0.5,f,-0.25,0,TRUE
face_expressions/exp/39M_SP_O.png,face_expressions/exp/08F_SP_O.png,face_expressions/exp/37M_SP_O.png,face_expressions/exp/28M_SP_O.png,face_expressions/exp/05F_SP_O.png,face_expressions/exp/09F_SP_O.png,face_expressions/exp/20M_SP_O.png,face_expressions/exp/02F_SP_O.png,56.568542494923804,4.898587196589413e-15,-56.5685424949238,80.0,56.56854249492379,-80.0,-1.4695761589768237e-14,-56.56854249492382,56.568542494923804,80.0,56.568542494923804,0.0,-56.56854249492382,9.797174393178826e-15,-80.0,-56.5685424949238,IAPS_EXP/Pos_5700.jpg,POS,AMB,EXP,0.5,f,-0.25,0,TRUE
face_expressions/exp/34M_SP_O.png,face_expressions/exp/19F_SP_O.png,face_expressions/exp/24M_SP_O.png,face_expressions/exp/22M_SP_O.png,face_expressions/exp/14F_SP_O.png,face_expressions/exp/13F_SP_O.png,face_expressions/exp/22M_SP_C.png,face_expressions/exp/15F_SP_C.png,80.0,-56.5685424949238,-80.0,56.568542494923804,-56.56854249492382,-1.4695761589768237e-14,4.898587196589413e-15,56.56854249492379,0.0,56.568542494923804,9.797174393178826e-15,56.568542494923804,-56.5685424949238,-80.0,80.0,-56.56854249492382,IAPS_EXP/Pos_5825.jpg,POS,AMB,EXP,0.5,f,-0.25,0,TRUE
face_expressions/exp/22M_SP_O.png,face_expressions/exp/24M_SP_O.png,face_expressions/exp/05F_SP_O.png,face_expressions/exp/41M_SP_O.png,face_expressions/exp/15F_SP_O.png,face_expressions/exp/29M_SP_O.png,face_expressions/exp/37M_SP_O.png,face_expressions/exp/18F_SP_O.png,-80.0,-56.56854249492382,56.568542494923804,4.898587196589413e-15,-1.4695761589768237e-14,56.56854249492379,-56.5685424949238,80.0,9.797174393178826e-15,-56.5685424949238,56.568542494923804,80.0,-80.0,-56.56854249492382,56.568542494923804,0.0,IAPS_EXP/Pos_5830.jpg,POS,AMB,EXP,0.5,f,-0.25,0,TRUE
face_expressions/exp/23M_SP_O.png,face_expressions/exp/13F_SP_O.png,face_expressions/exp/09F_SP_O.png,face_expressions/exp/26M_SP_O.png,face_expressions/exp/12F_SP_O.png,face_expressions/exp/14F_SP_O.png,face_expressions/exp/05F_SP_O.png,face_expressions/exp/28M_SP_O.png,-56.56854249492382,-80.0,-56.5685424949238,80.0,56.56854249492379,-1.4695761589768237e-14,56.568542494923804,4.898587196589413e-15,-56.5685424949238,9.797174393178826e-15,56.568542494923804,0.0,-56.56854249492382,-80.0,56.568542494923804,80.0,IAPS_EXP/Pos_5833.jpg,POS,AMB,EXP,0.5,f,-0.25,0,TRUE
face_expressions/exp/36M_SP_O.png,face_expressions/exp/26M_SP_O.png,face_expressions/exp/29M_SP_O.png,face_expressions/exp/39M_SP_O.png,face_expressions/exp/15F_SP_C.png,face_expressions/exp/23M_SP_O.png,face_expressions/exp/02F_SP_O.png,face_expressions/exp/14F_SP_O.png,-56.56854249492382,-56.5685424949238,56.56854249492379,80.0,4.898587196589413e-15,56.568542494923804,-80.0,-1.4695761589768237e-14,-56.5685424949238,56.568542494923804,-56.56854249492382,0.0,80.0,56.568542494923804,9.797174393178826e-15,-80.0,IAPS_EXP/Pos_5910.jpg,POS,AMB,EXP,0.5,f,-0.25,0,TRUE
face_expressions/exp/33M_SP_O.png,face_expressions/exp/06F_SP_O.png,face_expressions/exp/12F_SP_O.png,face_expressions/exp/41M_SP_O.png,face_expressions/exp/45M_SP_O.png,face_expressions/exp/15F_SP_C.png,face_expressions/exp/08F_SP_O.png,face_expressions/exp/09F_SP_O.png,4.898587196589413e-15,80.0,-80.0,-56.56854249492382,56.56854249492379,-1.4695761589768237e-14,-56.5685424949238,56.568542494923804,80.0,0.0,9.797174393178826e-15,-56.5685424949238,-56.56854249492382,-80.0,56.568542494923804,56.568542494923804,IAPS_EXP/Pos_7230.jpg,POS,AMB,EXP,0.5,f,-0.25,0,TRUE
face_expressions/exp/07F_SP_O.png,face_expressions/exp/33M_SP_O.png,face_expressions/exp/39M_SP_O.png,face_expressions/exp/02F_SP_O.png,face_expressions/exp/22M_SP_O.png,face_expressions/exp/08F_SP_O.png,face_expressions/exp/31M_SP_O.png,face_expressions/exp/28M_SP_O.png,-56.5685424949238,4.898587196589413e-15,-56.56854249492382,-1.4695761589768237e-14,56.568542494923804,-80.0,56.56854249492379,80.0,56.568542494923804,80.0,-56.5685424949238,-80.0,56.568542494923804,9.797174393178826e-15,-56.56854249492382,0.0,IAPS_EXP/Pos_7270.jpg,POS,AMB,EXP,0.5,f,-0.25,0,TRUE
face_expressions/exp/03F_SP_O.png,face_expressions/exp/43M_SP_O.png,face_expressions/exp/09F_SP_O.png,face_expressions/exp/41M_SP_O.png,face_expressions/exp/27M_SP_O.png,face_expressions/exp/33M_SP_O.png,face_expressions/exp/39M_SP_O.png,face_expressions/exp/26M_SP_O.png,80.0,-1.4695761589768237e-14,-56.5685424949238,-80.0,56.56854249492379,56.568542494923804,4.898587196589413e-15,-56.56854249492382,0.0,-80.0,56.568542494923804,9.797174393178826e-15,-56.56854249492382,56.568542494923804,80.0,-56.5685424949238,IAPS_EXP/Pos_7405.jpg,POS,AMB,EXP,0.5,f,-0.25,0,TRUE
face_expressions/exp/14F_SP_O.png,face_expressions/exp/19F_SP_O.png,face_expressions/exp/20M_SP_O.png,face_expressions/exp/22M_SP_O.png,face_expressions/exp/08F_SP_O.png,face_expressions/exp/07F_SP_O.png,face_expressions/exp/32M_SP_O.png,face_expressions/exp/41M_SP_O.png,-1.4695761589768237e-14,-56.5685424949238,-56.56854249492382,56.568542494923804,-80.0,4.898587196589413e-15,56.56854249492379,80.0,-80.0,56.568542494923804,-56.5685424949238,56.568542494923804,9.797174393178826e-15,80.0,-56.56854249492382,0.0,IAPS_EXP/Pos_7502.jpg,POS,AMB,EXP,0.5,f,-0.25,0,TRUE
face_expressions/exp/22M_SP_C.png,face_expressions/exp/41M_SP_O.png,face_expressions/exp/29M_SP_O.png,face_expressions/exp/34M_SP_O.png,face_expressions/exp/07F_SP_O.png,face_expressions/exp/45M_SP_O.png,face_expressions/exp/13F_SP_O.png,face_expressions/exp/19F_SP_O.png,56.56854249492379,4.898587196589413e-15,56.568542494923804,-56.56854249492382,-1.4695761589768237e-14,80.0,-80.0,-56.5685424949238,-56.56854249492382,80.0,56.568542494923804,-56.5685424949238,-80.0,0.0,9.797174393178826e-15,56.568542494923804,IAPS_EXP/Pos_8030.jpg,POS,AMB,EXP,0.5,f,-0.25,0,TRUE
face_expressions/exp/08F_SP_O.png,face_expressions/exp/07F_SP_O.png,face_expressions/exp/23M_SP_O.png,face_expressions/exp/06F_SP_O.png,face_expressions/exp/15F_SP_O.png,face_expressions/exp/02F_SP_O.png,face_expressions/exp/20M_SP_O.png,face_expressions/exp/05F_SP_O.png,-1.4695761589768237e-14,80.0,-80.0,56.568542494923804,4.898587196589413e-15,56.56854249492379,-56.56854249492382,-56.5685424949238,-80.0,0.0,9.797174393178826e-15,56.568542494923804,80.0,-56.56854249492382,-56.5685424949238,56.568542494923804,IAPS_EXP/Pos_8034.jpg,POS,AMB,EXP,0.5,f,-0.25,0,TRUE
face_expressions/exp/18F_SP_O.png,face_expressions/exp/12F_SP_O.png,face_expressions/exp/20M_SP_O.png,face_expressions/exp/02F_SP_O.png,face_expressions/exp/41M_SP_O.png,face_expressions/exp/29M_SP_O.png,face_expressions/exp/23M_SP_O.png,face_expressions/exp/45M_SP_O.png,4.898587196589413e-15,56.568542494923804,-56.5685424949238,-1.4695761589768237e-14,-80.0,56.56854249492379,80.0,-56.56854249492382,80.0,56.568542494923804,56.568542494923804,-80.0,9.797174393178826e-15,-56.56854249492382,0.0,-56.5685424949238,IAPS_EXP/Pos_8080.jpg,POS,AMB,EXP,0.5,f,-0.25,0,TRUE
face_expressions/exp/06F_SP_O.png,face_expressions/exp/41M_SP_O.png,face_expressions/exp/07F_SP_O.png,face_expressions/exp/28M_SP_O.png,face_expressions/exp/16F_SP_O.png,face_expressions/exp/02F_SP_O.png,face_expressions/exp/34M_SP_O.png,face_expressions/exp/25M_SP_O.png,56.56854249492379,80.0,4.898587196589413e-15,-56.5685424949238,-56.56854249492382,-1.4695761589768237e-14,56.568542494923804,-80.0,-56.56854249492382,0.0,80.0,56.568542494923804,-56.5685424949238,-80.0,56.568542494923804,9.797174393178826e-15,IAPS_EXP/Pos_8163.jpg,POS,AMB,EXP,0.5,f,-0.25,0,TRUE
face_expressions/exp/16F_SP_O.png,face_expressions/exp/09F_SP_O.png,face_expressions/exp/08F_SP_O.png,face_expressions/exp/37M_SP_O.png,face_expressions/exp/39M_SP_O.png,face_expressions/exp/07F_SP_O.png,face_expressions/exp/43M_SP_O.png,face_expressions/exp/24M_SP_O.png,-56.5685424949238,-56.56854249492382,80.0,-80.0,-1.4695761589768237e-14,4.898587196589413e-15,56.56854249492379,56.568542494923804,56.568542494923804,-56.5685424949238,0.0,9.797174393178826e-15,-80.0,80.0,-56.56854249492382,56.568542494923804,IAPS_EXP/Pos_8170.jpg,POS,AMB,EXP,0.5,f,-0.25,0,TRUE
face_expressions/exp/28M_SP_O.png,face_expressions/exp/29M_SP_O.png,face_expressions/exp/16F_SP_O.png,face_expressions/exp/13F_SP_O.png,face_expressions/exp/18F_SP_O.png,face_expressions/exp/34M_SP_O.png,face_expressions/exp/23M_SP_O.png,face_expressions/exp/20M_SP_O.png,4.898587196589413e-15,-56.5685424949238,56.568542494923804,-1.4695761589768237e-14,80.0,56.56854249492379,-56.56854249492382,-80.0,80.0,56.568542494923804,56.568542494923804,-80.0,0.0,-56.56854249492382,-56.5685424949238,9.797174393178826e-15,IAPS_EXP/Neg_6231.jpg,NEG,AMB,EXP,0.5,f,-0.25,0,TRUE
face_expressions/exp/18F_SP_O.png,face_expressions/exp/45M_SP_O.png,face_expressions/exp/22M_SP_C.png,face_expressions/exp/32M_SP_O.png,face_expressions/exp/31M_SP_O.png,face_expressions/exp/02F_SP_O.png,face_expressions/exp/25M_SP_O.png,face_expressions/exp/28M_SP_O.png,4.898587196589413e-15,-56.5685424949238,-1.4695761589768237e-14,80.0,-56.56854249492382,-80.0,56.56854249492379,56.568542494923804,80.0,56.568542494923804,-80.0,0.0,-56.5685424949238,9.797174393178826e-15,-56.56854249492382,56.568542494923804,IAPS_EXP/Neg_6260.jpg,NEG,AMB,EXP,0.5,f,-0.25,0,TRUE
face_expressions/exp/32M_SP_O.png,face_expressions/exp/23M_SP_O.png,face_expressions/exp/27M_SP_O.png,face_expressions/exp/29M_SP_O.png,face_expressions/exp/08F_SP_O.png,face_expressions/exp/39M_SP_O.png,face_expressions/exp/15F_SP_O.png,face_expressions/exp/36M_SP_O.png,56.568542494923804,-1.4695761589768237e-14,56.56854249492379,-80.0,-56.56854249492382,-56.5685424949238,80.0,4.898587196589413e-15,56.568542494923804,-80.0,-56.56854249492382,9.797174393178826e-15,-56.5685424949238,56.568542494923804,0.0,80.0,IAPS_EXP/Neg_6263.jpg,NEG,AMB,EXP,0.5,f,-0.25,0,TRUE
face_expressions/exp/41M_SP_O.png,face_expressions/exp/20M_SP_O.png,face_expressions/exp/16F_SP_O.png,face_expressions/exp/19F_SP_O.png,face_expressions/exp/23M_SP_O.png,face_expressions/exp/35M_SP_O.png,face_expressions/exp/08F_SP_O.png,face_expressions/exp/12F_SP_O.png,-56.5685424949238,56.568542494923804,4.898587196589413e-15,-80.0,-56.56854249492382,80.0,-1.4695761589768237e-14,56.56854249492379,56.568542494923804,56.568542494923804,80.0,9.797174393178826e-15,-56.5685424949238,0.0,-80.0,-56.56854249492382,IAPS_EXP/Neg_6300.jpg,NEG,AMB,EXP,0.5,f,-0.25,0,TRUE
face_expressions/exp/41M_SP_O.png,face_expressions/exp/25M_SP_O.png,face_expressions/exp/24M_SP_O.png,face_expressions/exp/36M_SP_O.png,face_expressions/exp/08F_SP_O.png,face_expressions/exp/13F_SP_O.png,face_expressions/exp/35M_SP_O.png,face_expressions/exp/09F_SP_O.png,56.568542494923804,-56.5685424949238,-1.4695761589768237e-14,-80.0,80.0,-56.56854249492382,4.898587196589413e-15,56.56854249492379,56.568542494923804,56.568542494923804,-80.0,9.797174393178826e-15,0.0,-56.5685424949238,80.0,-56.56854249492382,IAPS_EXP/Neg_6312.jpg,NEG,AMB,EXP,0.5,f,-0.25,0,TRUE
face_expressions/exp/15F_SP_C.png,face_expressions/exp/32M_SP_O.png,face_expressions/exp/43M_SP_O.png,face_expressions/exp/07F_SP_O.png,face_expressions/exp/36M_SP_O.png,face_expressions/exp/15F_SP_O.png,face_expressions/exp/20M_SP_O.png,face_expressions/exp/37M_SP_O.png,4.898587196589413e-15,-80.0,-56.56854249492382,-56.5685424949238,56.56854249492379,-1.4695761589768237e-14,80.0,56.568542494923804,80.0,9.797174393178826e-15,-56.5685424949238,56.568542494923804,-56.56854249492382,-80.0,0.0,56.568542494923804,IAPS_EXP/Neg_6313.jpg,NEG,AMB,EXP,0.5,f,-0.25,0,TRUE
face_expressions/exp/13F_SP_O.png,face_expressions/exp/41M_SP_O.png,face_expressions/exp/12F_SP_O.png,face_expressions/exp/19F_SP_O.png,face_expressions/exp/08F_SP_O.png,face_expressions/exp/09F_SP_O.png,face_expressions/exp/34M_SP_O.png,face_expressions/exp/18F_SP_O.png,56.568542494923804,-56.56854249492382,4.898587196589413e-15,80.0,-1.4695761589768237e-14,-56.5685424949238,-80.0,56.56854249492379,56.568542494923804,-56.5685424949238,80.0,0.0,-80.0,56.568542494923804,9.797174393178826e-15,-56.56854249492382,IAPS_EXP/Neg_6315.jpg,NEG,AMB,EXP,0.5,f,-0.25,0,TRUE
face_expressions/exp/28M_SP_O.png,face_expressions/exp/09F_SP_O.png,face_expressions/exp/27M_SP_O.png,face_expressions/exp/39M_SP_O.png,face_expressions/exp/23M_SP_O.png,face_expressions/exp/25M_SP_O.png,face_expressions/exp/15F_SP_C.png,face_expressions/exp/35M_SP_O.png,-80.0,-56.56854249492382,80.0,4.898587196589413e-15,56.568542494923804,56.56854249492379,-56.5685424949238,-1.4695761589768237e-14,9.797174393178826e-15,-56.5685424949238,0.0,80.0,56.568542494923804,-56.56854249492382,56.568542494923804,-80.0,IAPS_EXP/Neg_6350.jpg,NEG,AMB,EXP,0.5,f,-0.25,0,TRUE
face_expressions/exp/24M_SP_O.png,face_expressions/exp/18F_SP_O.png,face_expressions/exp/16F_SP_O.png,face_expressions/exp/45M_SP_O.png,face_expressions/exp/33M_SP_O.png,face_expressions/exp/13F_SP_O.png,face_expressions/exp/14F_SP_O.png,face_expressions/exp/06F_SP_O.png,4.898587196589413e-15,-1.4695761589768237e-14,56.568542494923804,-80.0,56.56854249492379,80.0,-56.56854249492382,-56.5685424949238,80.0,-80.0,56.568542494923804,9.797174393178826e-15,-56.56854249492382,0.0,-56.5685424949238,56.568542494923804,IAPS_EXP/Neg_6360.jpg,NEG,AMB,EXP,0.5,f,-0.25,0,TRUE
face_expressions/exp/19F_SP_O.png,face_expressions/exp/37M_SP_O.png,face_expressions/exp/29M_SP_O.png,face_expressions/exp/13F_SP_O.png,face_expressions/exp/22M_SP_C.png,face_expressions/exp/45M_SP_O.png,face_expressions/exp/43M_SP_O.png,face_expressions/exp/09F_SP_O.png,80.0,-56.5685424949238,4.898587196589413e-15,-1.4695761589768237e-14,56.568542494923804,56.56854249492379,-80.0,-56.56854249492382,0.0,56.568542494923804,80.0,-80.0,56.568542494923804,-56.56854249492382,9.797174393178826e-15,-56.5685424949238,IAPS_EXP/Neg_6415.jpg,NEG,AMB,EXP,0.5,f,-0.25,0,TRUE
face_expressions/exp/12F_SP_O.png,face_expressions/exp/03F_SP_O.png,face_expressions/exp/36M_SP_O.png,face_expressions/exp/35M_SP_O.png,face_expressions/exp/33M_SP_O.png,face_expressions/exp/05F_SP_O.png,face_expressions/exp/45M_SP_O.png,face_expressions/exp/32M_SP_O.png,-56.5685424949238,56.56854249492379,-80.0,4.898587196589413e-15,-56.56854249492382,56.568542494923804,-1.4695761589768237e-14,80.0,56.568542494923804,-56.56854249492382,9.797174393178826e-15,80.0,-56.5685424949238,56.568542494923804,-80.0,0.0,IAPS_EXP/Neg_6510.jpg,NEG,AMB,EXP,0.5,f,-0.25,0,TRUE
face_expressions/exp/32M_SP_O.png,face_expressions/exp/12F_SP_O.png,face_expressions/exp/22M_SP_O.png,face_expressions/exp/41M_SP_O.png,face_expressions/exp/23M_SP_O.png,face_expressions/exp/19F_SP_O.png,face_expressions/exp/27M_SP_O.png,face_expressions/exp/22M_SP_C.png,-80.0,-56.56854249492382,80.0,-1.4695761589768237e-14,56.56854249492379,56.568542494923804,-56.5685424949238,4.898587196589413e-15,9.797174393178826e-15,-56.5685424949238,0.0,-80.0,-56.56854249492382,56.568542494923804,56.568542494923804,80.0,IAPS_EXP/Neg_6520.jpg,NEG,AMB,EXP,0.5,f,-0.25,0,TRUE
face_expressions/exp/03F_SP_O.png,face_expressions/exp/14F_SP_O.png,face_expressions/exp/31M_SP_O.png,face_expressions/exp/27M_SP_O.png,face_expressions/exp/20M_SP_O.png,face_expressions/exp/24M_SP_O.png,face_expressions/exp/23M_SP_O.png,face_expressions/exp/25M_SP_O.png,56.56854249492379,4.898587196589413e-15,-56.56854249492382,56.568542494923804,80.0,-1.4695761589768237e-14,-56.5685424949238,-80.0,-56.56854249492382,80.0,-56.5685424949238,56.568542494923804,0.0,-80.0,56.568542494923804,9.797174393178826e-15,IAPS_EXP/Neg_6540.jpg,NEG,AMB,EXP,0.5,f,-0.25,0,TRUE
face_expressions/exp/43M_SP_O.png,face_expressions/exp/07F_SP_O.png,face_expressions/exp/32M_SP_O.png,face_expressions/exp/25M_SP_O.png,face_expressions/exp/33M_SP_O.png,face_expressions/exp/09F_SP_O.png,face_expressions/exp/19F_SP_O.png,face_expressions/exp/13F_SP_O.png,80.0,-56.56854249492382,56.568542494923804,-80.0,-1.4695761589768237e-14,56.56854249492379,-56.5685424949238,4.898587196589413e-15,0.0,-56.5685424949238,56.568542494923804,9.797174393178826e-15,-80.0,-56.56854249492382,56.568542494923804,80.0,IAPS_EXP/Neg_6550.jpg,NEG,AMB,EXP,0.5,f,-0.25,0,TRUE
face_expressions/exp/03F_SP_O.png,face_expressions/exp/12F_SP_O.png,face_expressions/exp/39M_SP_O.png,face_expressions/exp/23M_SP_O.png,face_expressions/exp/07F_SP_O.png,face_expressions/exp/15F_SP_C.png,face_expressions/exp/02F_SP_O.png,face_expressions/exp/08F_SP_O.png,-56.56854249492382,-56.5685424949238,-80.0,80.0,4.898587196589413e-15,-1.4695761589768237e-14,56.56854249492379,56.568542494923804,-56.5685424949238,56.568542494923804,9.797174393178826e-15,0.0,80.0,-80.0,-56.56854249492382,56.568542494923804,IAPS_EXP/Neg_6563.jpg,NEG,AMB,EXP,0.5,f,-0.25,0,TRUE
face_expressions/exp/25M_SP_O.png,face_expressions/exp/37M_SP_O.png,face_expressions/exp/34M_SP_O.png,face_expressions/exp/06F_SP_O.png,face_expressions/exp/43M_SP_O.png,face_expressions/exp/22M_SP_O.png,face_expressions/exp/45M_SP_O.png,face_expressions/exp/03F_SP_O.png,-80.0,-56.5685424949238,-1.4695761589768237e-14,-56.56854249492382,4.898587196589413e-15,56.568542494923804,80.0,56.56854249492379,9.797174393178826e-15,56.568542494923804,-80.0,-56.5685424949238,80.0,56.568542494923804,0.0,-56.56854249492382,IAPS_EXP/Neg_6821.jpg,NEG,AMB,EXP,0.5,f,-0.25,0,TRUE
face_expressions/exp/27M_SP_O.png,face_expressions/exp/32M_SP_O.png,face_expressions/exp/29M_SP_O.png,face_expressions/exp/20M_SP_O.png,face_expressions/exp/02F_SP_O.png,face_expressions/exp/07F_SP_O.png,face_expressions/exp/33M_SP_O.png,face_expressions/exp/03F_SP_O.png,-80.0,-56.56854249492382,56.568542494923804,4.898587196589413e-15,-56.5685424949238,56.56854249492379,-1.4695761589768237e-14,80.0,9.797174393178826e-15,-56.5685424949238,56.568542494923804,80.0,56.568542494923804,-56.56854249492382,-80.0,0.0,IAPS_EXP/Neg_9040.jpg,NEG,AMB,EXP,0.5,f,-0.25,0,TRUE
face_expressions/exp/20M_SP_O.png,face_expressions/exp/23M_SP_O.png,face_expressions/exp/14F_SP_O.png,face_expressions/exp/15F_SP_C.png,face_expressions/exp/37M_SP_O.png,face_expressions/exp/02F_SP_O.png,face_expressions/exp/09F_SP_O.png,face_expressions/exp/16F_SP_O.png,56.56854249492379,56.568542494923804,-56.56854249492382,80.0,-80.0,-1.4695761589768237e-14,4.898587196589413e-15,-56.5685424949238,-56.56854249492382,56.568542494923804,-56.5685424949238,0.0,9.797174393178826e-15,-80.0,80.0,56.568542494923804,IAPS_EXP/Neg_9050.jpg,NEG,AMB,EXP,0.5,f,-0.25,0,TRUE
face_expressions/exp/05F_SP_O.png,face_expressions/exp/14F_SP_O.png,face_expressions/exp/09F_SP_O.png,face_expressions/exp/24M_SP_O.png,face_expressions/exp/20M_SP_O.png,face_expressions/exp/43M_SP_O.png,face_expressions/exp/35M_SP_O.png,face_expressions/exp/26M_SP_O.png,-1.4695761589768237e-14,56.56854249492379,80.0,56.568542494923804,-80.0,4.898587196589413e-15,-56.56854249492382,-56.5685424949238,-80.0,-56.56854249492382,0.0,56.568542494923804,9.797174393178826e-15,80.0,-56.5685424949238,56.568542494923804,IAPS_EXP/Neg_9075.jpg,NEG,AMB,EXP,0.5,f,-0.25,0,TRUE
face_expressions/exp/15F_SP_O.png,face_expressions/exp/07F_SP_O.png,face_expressions/exp/12F_SP_O.png,face_expressions/exp/08F_SP_O.png,face_expressions/exp/14F_SP_O.png,face_expressions/exp/05F_SP_O.png,face_expressions/exp/27M_SP_O.png,face_expressions/exp/29M_SP_O.png,-1.4695761589768237e-14,56.568542494923804,80.0,4.898587196589413e-15,-56.5685424949238,56.56854249492379,-80.0,-56.56854249492382,-80.0,56.568542494923804,0.0,80.0,56.568542494923804,-56.56854249492382,9.797174393178826e-15,-56.5685424949238,IAPS_EXP/Neg_9163.jpg,NEG,AMB,EXP,0.5,f,-0.25,0,TRUE
face_expressions/exp/14F_SP_O.png,face_expressions/exp/19F_SP_O.png,face_expressions/exp/03F_SP_O.png,face_expressions/exp/09F_SP_O.png,face_expressions/exp/36M_SP_O.png,face_expressions/exp/15F_SP_O.png,face_expressions/exp/43M_SP_O.png,face_expressions/exp/41M_SP_O.png,80.0,56.568542494923804,-56.5685424949238,-80.0,-56.56854249492382,-1.4695761589768237e-14,4.898587196589413e-15,56.56854249492379,0.0,56.568542494923804,56.568542494923804,9.797174393178826e-15,-56.5685424949238,-80.0,80.0,-56.56854249492382,IAPS_scrambled_EXP/scrambled_Neg_6231.jpg,SCR,AMB,EXP,0.5,f,-0.25,0,TRUE
face_expressions/exp/14F_SP_O.png,face_expressions/exp/15F_SP_O.png,face_expressions/exp/36M_SP_O.png,face_expressions/exp/34M_SP_O.png,face_expressions/exp/22M_SP_O.png,face_expressions/exp/43M_SP_O.png,face_expressions/exp/35M_SP_O.png,face_expressions/exp/29M_SP_O.png,-1.4695761589768237e-14,-56.56854249492382,4.898587196589413e-15,80.0,56.56854249492379,-80.0,56.568542494923804,-56.5685424949238,-80.0,-56.5685424949238,80.0,0.0,-56.56854249492382,9.797174393178826e-15,56.568542494923804,56.568542494923804,IAPS_scrambled_EXP/scrambled_Neg_6260.jpg,SCR,AMB,EXP,0.5,f,-0.25,0,TRUE
face_expressions/exp/27M_SP_O.png,face_expressions/exp/16F_SP_O.png,face_expressions/exp/22M_SP_O.png,face_expressions/exp/13F_SP_O.png,face_expressions/exp/08F_SP_O.png,face_expressions/exp/24M_SP_O.png,face_expressions/exp/35M_SP_O.png,face_expressions/exp/06F_SP_O.png,-80.0,80.0,4.898587196589413e-15,56.56854249492379,-56.56854249492382,56.568542494923804,-56.5685424949238,-1.4695761589768237e-14,9.797174393178826e-15,0.0,80.0,-56.56854249492382,-56.5685424949238,56.568542494923804,56.568542494923804,-80.0,IAPS_scrambled_EXP/scrambled_Neg_6263.jpg,SCR,AMB,EXP,0.5,f,-0.25,0,TRUE
face_expressions/exp/34M_SP_O.png,face_expressions/exp/31M_SP_O.png,face_expressions/exp/19F_SP_O.png,face_expressions/exp/23M_SP_O.png,face_expressions/exp/08F_SP_O.png,face_expressions/exp/18F_SP_O.png,face_expressions/exp/09F_SP_O.png,face_expressions/exp/02F_SP_O.png,4.898587196589413e-15,-56.56854249492382,-1.4695761589768237e-14,-56.5685424949238,56.568542494923804,56.56854249492379,-80.0,80.0,80.0,-56.5685424949238,-80.0,56.568542494923804,56.568542494923804,-56.56854249492382,9.797174393178826e-15,0.0,IAPS_scrambled_EXP/scrambled_Neg_6300.jpg,SCR,AMB,EXP,0.5,f,-0.25,0,TRUE
face_expressions/exp/36M_SP_O.png,face_expressions/exp/23M_SP_O.png,face_expressions/exp/08F_SP_O.png,face_expressions/exp/39M_SP_O.png,face_expressions/exp/03F_SP_O.png,face_expressions/exp/12F_SP_O.png,face_expressions/exp/07F_SP_O.png,face_expressions/exp/41M_SP_O.png,-80.0,-1.4695761589768237e-14,56.568542494923804,4.898587196589413e-15,56.56854249492379,-56.5685424949238,-56.56854249492382,80.0,9.797174393178826e-15,-80.0,56.568542494923804,80.0,-56.56854249492382,56.568542494923804,-56.5685424949238,0.0,IAPS_scrambled_EXP/scrambled_Neg_6312.jpg,SCR,AMB,EXP,0.5,f,-0.25,0,TRUE
face_expressions/exp/15F_SP_O.png,face_expressions/exp/22M_SP_O.png,face_expressions/exp/06F_SP_O.png,face_expressions/exp/20M_SP_O.png,face_expressions/exp/22M_SP_C.png,face_expressions/exp/34M_SP_O.png,face_expressions/exp/37M_SP_O.png,face_expressions/exp/18F_SP_O.png,56.56854249492379,56.568542494923804,4.898587196589413e-15,-56.56854249492382,-1.4695761589768237e-14,80.0,-56.5685424949238,-80.0,-56.56854249492382,56.568542494923804,80.0,-56.5685424949238,-80.0,0.0,56.568542494923804,9.797174393178826e-15,IAPS_scrambled_EXP/scrambled_Neg_6313.jpg,SCR,AMB,EXP,0.5,f,-0.25,0,TRUE
face_expressions/exp/37M_SP_O.png,face_expressions/exp/12F_SP_O.png,face_expressions/exp/15F_SP_O.png,face_expressions/exp/19F_SP_O.png,face_expressions/exp/45M_SP_O.png,face_expressions/exp/07F_SP_O.png,face_expressions/exp/05F_SP_O.png,face_expressions/exp/41M_SP_O.png,-56.5685424949238,80.0,-56.56854249492382,4.898587196589413e-15,56.56854249492379,56.568542494923804,-1.4695761589768237e-14,-80.0,56.568542494923804,0.0,-56.5685424949238,80.0,-56.56854249492382,56.568542494923804,-80.0,9.797174393178826e-15,IAPS_scrambled_EXP/scrambled_Neg_6315.jpg,SCR,AMB,EXP,0.5,f,-0.25,0,TRUE
face_expressions/exp/15F_SP_C.png,face_expressions/exp/39M_SP_O.png,face_expressions/exp/26M_SP_O.png,face_expressions/exp/09F_SP_O.png,face_expressions/exp/22M_SP_C.png,face_expressions/exp/35M_SP_O.png,face_expressions/exp/33M_SP_O.png,face_expressions/exp/19F_SP_O.png,80.0,56.56854249492379,-80.0,56.568542494923804,4.898587196589413e-15,-1.4695761589768237e-14,-56.5685424949238,-56.56854249492382,0.0,-56.56854249492382,9.797174393178826e-15,56.568542494923804,80.0,-80.0,56.568542494923804,-56.5685424949238,IAPS_scrambled_EXP/scrambled_Neg_6350.jpg,SCR,AMB,EXP,0.5,f,-0.25,0,TRUE
face_expressions/exp/07F_SP_O.png,face_expressions/exp/08F_SP_O.png,face_expressions/exp/06F_SP_O.png,face_expressions/exp/43M_SP_O.png,face_expressions/exp/39M_SP_O.png,face_expressions/exp/14F_SP_O.png,face_expressions/exp/23M_SP_O.png,face_expressions/exp/15F_SP_C.png,-56.56854249492382,56.56854249492379,-56.5685424949238,4.898587196589413e-15,-1.4695761589768237e-14,56.568542494923804,-80.0,80.0,-56.5685424949238,-56.56854249492382,56.568542494923804,80.0,-80.0,56.568542494923804,9.797174393178826e-15,0.0,IAPS_scrambled_EXP/scrambled_Neg_6360.jpg,SCR,AMB,EXP,0.5,f,-0.25,0,TRUE
face_expressions/exp/37M_SP_O.png,face_expressions/exp/28M_SP_O.png,face_expressions/exp/36M_SP_O.png,face_expressions/exp/14F_SP_O.png,face_expressions/exp/16F_SP_O.png,face_expressions/exp/34M_SP_O.png,face_expressions/exp/03F_SP_O.png,face_expressions/exp/45M_SP_O.png,56.568542494923804,-56.5685424949238,4.898587196589413e-15,-80.0,56.56854249492379,-56.56854249492382,-1.4695761589768237e-14,80.0,56.568542494923804,56.568542494923804,80.0,9.797174393178826e-15,-56.56854249492382,-56.5685424949238,-80.0,0.0,IAPS_scrambled_EXP/scrambled_Neg_6415.jpg,SCR,AMB,EXP,0.5,f,-0.25,0,TRUE
face_expressions/exp/08F_SP_O.png,face_expressions/exp/28M_SP_O.png,face_expressions/exp/27M_SP_O.png,face_expressions/exp/06F_SP_O.png,face_expressions/exp/09F_SP_O.png,face_expressions/exp/15F_SP_O.png,face_expressions/exp/39M_SP_O.png,face_expressions/exp/22M_SP_O.png,-56.5685424949238,-56.56854249492382,80.0,56.568542494923804,-80.0,-1.4695761589768237e-14,4.898587196589413e-15,56.56854249492379,56.568542494923804,-56.5685424949238,0.0,56.568542494923804,9.797174393178826e-15,-80.0,80.0,-56.56854249492382,IAPS_scrambled_EXP/scrambled_Neg_6510.jpg,SCR,AMB,EXP,0.5,f,-0.25,0,TRUE
face_expressions/exp/08F_SP_O.png,face_expressions/exp/41M_SP_O.png,face_expressions/exp/24M_SP_O.png,face_expressions/exp/02F_SP_O.png,face_expressions/exp/15F_SP_C.png,face_expressions/exp/43M_SP_O.png,face_expressions/exp/07F_SP_O.png,face_expressions/exp/32M_SP_O.png,80.0,56.568542494923804,-56.5685424949238,-1.4695761589768237e-14,56.56854249492379,-80.0,-56.56854249492382,4.898587196589413e-15,0.0,56.568542494923804,56.568542494923804,-80.0,-56.56854249492382,9.797174393178826e-15,-56.5685424949238,80.0,IAPS_scrambled_EXP/scrambled_Neg_6520.jpg,SCR,AMB,EXP,0.5,f,-0.25,0,TRUE
face_expressions/exp/26M_SP_O.png,face_expressions/exp/32M_SP_O.png,face_expressions/exp/16F_SP_O.png,face_expressions/exp/20M_SP_O.png,face_expressions/exp/31M_SP_O.png,face_expressions/exp/12F_SP_O.png,face_expressions/exp/41M_SP_O.png,face_expressions/exp/35M_SP_O.png,80.0,-56.56854249492382,-56.5685424949238,56.56854249492379,56.568542494923804,-80.0,-1.4695761589768237e-14,4.898587196589413e-15,0.0,-56.5685424949238,56.568542494923804,-56.56854249492382,56.568542494923804,9.797174393178826e-15,-80.0,80.0,IAPS_scrambled_EXP/scrambled_Neg_6540.jpg,SCR,AMB,EXP,0.5,f,-0.25,0,TRUE
face_expressions/exp/06F_SP_O.png,face_expressions/exp/14F_SP_O.png,face_expressions/exp/31M_SP_O.png,face_expressions/exp/22M_SP_C.png,face_expressions/exp/08F_SP_O.png,face_expressions/exp/33M_SP_O.png,face_expressions/exp/36M_SP_O.png,face_expressions/exp/39M_SP_O.png,80.0,-56.56854249492382,4.898587196589413e-15,56.568542494923804,-1.4695761589768237e-14,56.56854249492379,-80.0,-56.5685424949238,0.0,-56.5685424949238,80.0,56.568542494923804,-80.0,-56.56854249492382,9.797174393178826e-15,56.568542494923804,IAPS_scrambled_EXP/scrambled_Neg_6550.jpg,SCR,AMB,EXP,0.5,f,-0.25,0,TRUE
face_expressions/exp/22M_SP_C.png,face_expressions/exp/43M_SP_O.png,face_expressions/exp/45M_SP_O.png,face_expressions/exp/15F_SP_O.png,face_expressions/exp/06F_SP_O.png,face_expressions/exp/41M_SP_O.png,face_expressions/exp/27M_SP_O.png,face_expressions/exp/37M_SP_O.png,-80.0,80.0,-1.4695761589768237e-14,4.898587196589413e-15,-56.56854249492382,-56.5685424949238,56.56854249492379,56.568542494923804,9.797174393178826e-15,0.0,-80.0,80.0,-56.5685424949238,56.568542494923804,-56.56854249492382,56.568542494923804,IAPS_scrambled_EXP/scrambled_Neg_6563.jpg,SCR,AMB,EXP,0.5,f,-0.25,0,TRUE
face_expressions/exp/06F_SP_O.png,face_expressions/exp/18F_SP_O.png,face_expressions/exp/39M_SP_O.png,face_expressions/exp/02F_SP_O.png,face_expressions/exp/14F_SP_O.png,face_expressions/exp/33M_SP_O.png,face_expressions/exp/35M_SP_O.png,face_expressions/exp/08F_SP_O.png,80.0,56.568542494923804,-56.5685424949238,4.898587196589413e-15,-80.0,-1.4695761589768237e-14,56.56854249492379,-56.56854249492382,0.0,56.568542494923804,56.568542494923804,80.0,9.797174393178826e-15,-80.0,-56.56854249492382,-56.5685424949238,IAPS_scrambled_EXP/scrambled_Neg_6821.jpg,SCR,AMB,EXP,0.5,f,-0.25,0,TRUE
face_expressions/exp/22M_SP_O.png,face_expressions/exp/36M_SP_O.png,face_expressions/exp/07F_SP_O.png,face_expressions/exp/41M_SP_O.png,face_expressions/exp/23M_SP_O.png,face_expressions/exp/03F_SP_O.png,face_expressions/exp/09F_SP_O.png,face_expressions/exp/27M_SP_O.png,-1.4695761589768237e-14,-80.0,56.568542494923804,-56.5685424949238,56.56854249492379,4.898587196589413e-15,80.0,-56.56854249492382,-80.0,9.797174393178826e-15,56.568542494923804,56.568542494923804,-56.56854249492382,80.0,0.0,-56.5685424949238,IAPS_scrambled_EXP/scrambled_Neg_9040.jpg,SCR,AMB,EXP,0.5,f,-0.25,0,TRUE
face_expressions/exp/22M_SP_C.png,face_expressions/exp/02F_SP_O.png,face_expressions/exp/24M_SP_O.png,face_expressions/exp/15F_SP_C.png,face_expressions/exp/32M_SP_O.png,face_expressions/exp/39M_SP_O.png,face_expressions/exp/09F_SP_O.png,face_expressions/exp/26M_SP_O.png,56.568542494923804,4.898587196589413e-15,-1.4695761589768237e-14,-56.5685424949238,-80.0,80.0,56.56854249492379,-56.56854249492382,56.568542494923804,80.0,-80.0,56.568542494923804,9.797174393178826e-15,0.0,-56.56854249492382,-56.5685424949238,IAPS_scrambled_EXP/scrambled_Neg_9050.jpg,SCR,AMB,EXP,0.5,f,-0.25,0,TRUE
face_expressions/exp/23M_SP_O.png,face_expressions/exp/36M_SP_O.png,face_expressions/exp/37M_SP_O.png,face_expressions/exp/43M_SP_O.png,face_expressions/exp/13F_SP_O.png,face_expressions/exp/31M_SP_O.png,face_expressions/exp/22M_SP_O.png,face_expressions/exp/35M_SP_O.png,-1.4695761589768237e-14,-56.5685424949238,56.56854249492379,-80.0,56.568542494923804,4.898587196589413e-15,-56.56854249492382,80.0,-80.0,56.568542494923804,-56.56854249492382,9.797174393178826e-15,56.568542494923804,80.0,-56.5685424949238,0.0,IAPS_scrambled_EXP/scrambled_Neg_9075.jpg,SCR,AMB,EXP,0.5,f,-0.25,0,TRUE
face_expressions/exp/45M_SP_O.png,face_expressions/exp/29M_SP_O.png,face_expressions/exp/14F_SP_O.png,face_expressions/exp/09F_SP_O.png,face_expressions/exp/07F_SP_O.png,face_expressions/exp/13F_SP_O.png,face_expressions/exp/15F_SP_O.png,face_expressions/exp/39M_SP_O.png,-56.56854249492382,56.568542494923804,-80.0,-56.5685424949238,4.898587196589413e-15,56.56854249492379,80.0,-1.4695761589768237e-14,-56.5685424949238,56.568542494923804,9.797174393178826e-15,56.568542494923804,80.0,-56.56854249492382,0.0,-80.0,IAPS_scrambled_EXP/scrambled_Neg_9163.jpg,SCR,AMB,EXP,0.5,f,-0.25,0,TRUE
